uid,resp_time,y,level,sleep_hours,dark_hours,idle_hours,idle_episodes,conv_count,conv_hours,activity_n,activity_level,audio_n,voice_ratio
u00,1364237696,1,2,0.0,0.0,0.0,0,0,0.0,0,,0,
u00,1364268806,1,2,0.0,0.0,0.0,0,0,0.0,0,,0,
u00,1364268814,1,2,0.0,0.0,0.0,0,0,0.0,0,,0,
u00,1364509152,0,4,1.3730555555555555,2.463888888888889,2.443611111111111,2,23,5.605,7431,0.1236711075225407,36439,0.3872773676555339
u00,1364498754,1,2,1.0908333333333333,1.4669444444444444,1.446388888888889,1,28,5.732777777777778,7372,0.1284590341833966,36816,0.342677096914385
u00,1364496192,1,2,1.0908333333333333,1.5163888888888888,1.4361111111111111,2,26,6.376666666666667,7380,0.1357723577235772,38668,0.3717026999068997
u00,1364498245,1,3,1.0908333333333333,1.3255555555555556,1.305,1,28,5.8741666666666665,7363,0.1311965231563221,37221,0.3484860696918406
u00,1364522754,0,4,1.3730555555555555,1.9122222222222223,1.3566666666666667,1,25,5.884166666666666,7454,0.0755299168231821,37267,0.397509861271366
u00,1364504894,0,4,1.3730555555555555,2.463888888888889,2.443611111111111,2,27,5.3469444444444445,7352,0.1247279651795429,35687,0.3576372348474234
u00,1364598486,0,4,4.054166666666666,13.101666666666667,11.245277777777778,6,31,7.496111111111111,7765,0.1206696716033483,43274,0.4005638489624255
u00,1364617164,0,4,4.054166666666666,11.289444444444445,12.394166666666667,7,35,8.351111111111111,7710,0.1303501945525292,45588,0.4123672896376239
u00,1364752485,0,4,2.5391666666666666,4.1594444444444445,20.419444444444444,7,23,11.703888888888889,7767,0.1402085747392815,54986,0.4703379041937948
u00,1364770527,0,5,2.1319444444444446,3.9075,16.49972222222222,6,21,12.144166666666667,7775,0.1759485530546624,56310,0.5389806428698277
u00,1364949608,1,2,3.925,10.926111111111112,10.665,5,39,7.419444444444444,7726,0.0759772197773751,42960,0.2865921787709497
u00,1365035249,0,4,4.795277777777778,15.593333333333334,12.58611111111111,7,35,8.823611111111111,7775,0.0947909967845659,46881,0.4014206181608754
u00,1365102258,1,2,1.5833333333333333,4.326666666666667,2.911111111111111,3,25,5.1627777777777775,7785,0.0754014129736673,36221,0.3521990005797741
u00,1365117924,0,4,0.24722222222222223,0.24722222222222223,0.0,0,27,4.16,7833,0.078769309332312,33449,0.2846422912493647
u00,1365174158,1,2,1.1608333333333334,1.1608333333333334,9.429166666666667,1,28,5.658055555555555,7719,0.1041585697629226,38277,0.3208976670062962
u00,1365309944,0,5,6.642777777777778,10.099444444444444,15.776111111111112,3,44,7.634166666666666,7631,0.0808544096448696,43811,0.3230695487434663
u00,1365392025,1,3,8.838888888888889,13.935277777777777,14.720555555555556,4,30,4.641944444444444,8002,0.055486128467883,35034,0.2609179654050351
u00,1365979542,1,3,8.516388888888889,13.9575,18.861944444444443,8,44,4.679444444444444,8186,0.0068409479599315,35842,0.2353384297751241
u00,1366057709,1,3,6.208888888888889,14.544722222222223,12.901944444444444,6,25,7.276388888888889,7926,0.0977794600050466,42739,0.3665738552610028
u00,1365485623,1,3,4.9927777777777775,14.119444444444444,11.606666666666667,5,28,8.178055555555556,7892,0.1320324379118094,45294,0.4140283481255795
u00,1365807220,1,2,5.415,11.518611111111111,9.221944444444444,4,38,7.773333333333333,7803,0.065359477124183,44120,0.374637352674524
u00,1366297660,0,4,2.8075,5.1002777777777775,3.8405555555555555,2,15,4.263333333333334,7923,0.0868357945222769,34193,0.2773959582370661
u00,1366100129,1,3,3.297222222222222,8.70111111111111,10.012222222222222,4,41,8.876944444444444,7822,0.0741498338020966,46967,0.404390316605276
u00,1366084895,1,3,4.381388888888889,9.215,10.288055555555555,4,39,8.801111111111112,7819,0.0741782836679882,46765,0.4050892761680744
u00,1366191758,1,3,5.4525,14.056944444444444,9.954444444444444,4,23,6.753611111111111,7687,0.0382463900091062,41717,0.3995014023060143
u00,1366258945,0,4,3.8427777777777776,8.346111111111112,5.666388888888889,3,21,6.536111111111111,7863,0.1028869388274195,40602,0.3490714743116103
u00,1367208547,1,2,3.2955555555555556,7.9825,11.821944444444444,6,35,4.66,5298,0.1115515288788221,27756,0.3648940769563337
u00,1367296021,1,3,3.417777777777778,6.903333333333333,7.057222222222222,2,43,9.957777777777778,7544,0.0848356309650053,50456,0.429463294751863
u00,1368585696,0,4,8.450833333333334,8.450833333333334,15.878055555555555,3,36,4.154166666666667,7986,0.0256699223641372,33976,0.2478219919943489
u00,1368036984,0,5,2.1930555555555555,6.195555555555556,13.235833333333334,5,43,8.285833333333333,6540,0.1399082568807339,44463,0.3083237748240109
u00,1368670294,0,4,1.636111111111111,4.333611111111111,4.410555555555556,3,45,10.250555555555556,7695,0.0778427550357375,50773,0.4636322454848049
u00,1368071042,0,4,7.8175,11.82,11.8125,4,47,5.096666666666667,5561,0.1406221902535515,34584,0.2324774462179042
u00,1368756027,0,4,1.3505555555555555,1.3505555555555555,10.311944444444444,2,21,9.191666666666666,5022,0.0563520509757068,44985,0.421184839390908
u00,1368819907,0,4,7.219722222222222,8.570277777777777,11.649722222222222,3,22,10.176944444444445,6655,0.0595041322314049,49237,0.4911144058330117
u00,1368844157,0,4,7.203333333333333,7.203333333333333,9.721666666666666,2,22,8.954166666666667,7182,0.0650236702868281,45772,0.5050904483090098
u00,1369151838,1,2,0.0,0.0,0.0,0,4,0.8488888888888889,1366,0.0,6183,0.2597444606178231
u00,1369454414,1,2,1.5969444444444445,1.5969444444444445,3.6638888888888888,2,49,5.389722222222222,6576,0.0472931873479318,35544,0.1753601170380373
u00,1369497236,1,2,1.5969444444444445,2.7841666666666667,3.6638888888888888,2,51,8.315277777777778,4701,0.0840246756009359,38583,0.3807635487131638
u00,1369499950,1,3,1.1872222222222222,2.051111111111111,2.93,2,53,8.3825,4879,0.1131379381020701,38761,0.3858517582105725
u00,1375922853,1,3,0.0,0.0,0.0,0,0,0.0,0,,0,
u00,1376614568,1,2,0.0,0.0,0.0,0,0,0.0,0,,0,
u01,1364359545,0,4,0.12027777777777778,0.12027777777777778,0.10666666666666667,0,1,0.11472222222222223,249,0.0,2295,0.440958605664488
u01,1364514789,0,4,2.995,8.79888888888889,5.607777777777778,4,37,6.273888888888889,7950,0.0850314465408805,39911,0.301921775951492
u01,1364603578,0,5,8.2475,15.407222222222222,18.175833333333333,5,45,10.118055555555555,7895,0.1027232425585813,50684,0.3772393654802304
u01,1364784354,1,2,6.5536111111111115,9.105,20.338333333333335,3,43,6.901666666666666,8010,0.0265917602996254,41835,0.3274769929484881
u01,1365060515,0,4,3.716111111111111,11.391944444444444,19.813333333333333,6,29,14.793055555555556,7998,0.0552638159539885,63671,0.5162318795055834
u01,1365142122,0,4,4.535555555555556,9.9325,13.176944444444445,4,44,9.911388888888888,7945,0.0928886091881686,50099,0.3681909818559252
u01,1365211601,0,4,2.2169444444444446,9.245555555555555,23.27722222222222,8,44,9.733888888888888,7937,0.0744613833942295,49552,0.3969970939618986
u01,1365241170,0,5,4.711111111111111,10.885277777777778,19.33277777777778,6,44,11.568055555555556,7824,0.1008435582822085,54561,0.4510914389399021
u01,1365562762,1,2,3.546388888888889,9.008055555555556,9.20888888888889,2,31,7.829166666666667,8140,0.0293611793611793,44363,0.3686405337781485
u01,1365893676,0,4,3.0077777777777777,7.1563888888888885,9.386388888888888,5,32,9.914166666666667,7932,0.0427382753403933,50045,0.4121690478569287
u01,1366331562,0,4,3.8672222222222223,8.366111111111111,21.911944444444444,7,39,9.155277777777778,7932,0.1246848209783156,48036,0.3935381796985594
u01,1366440292,0,4,4.6725,10.518888888888888,12.6575,3,44,10.039444444444445,7968,0.1148343373493975,50467,0.3697663819921929
u01,1367135266,1,2,6.152222222222222,6.152222222222222,20.474722222222223,5,72,9.893055555555556,7645,0.1547416612164813,50166,0.3795797950803333
u01,1367185489,1,2,0.0,0.0,12.628333333333334,3,36,8.12861111111111,8111,0.0400690420416718,44915,0.3294667705666258
u01,1367177642,1,2,0.0,0.0,12.628333333333334,3,44,7.162222222222222,7911,0.0723043862975603,42214,0.3075283081442175
u01,1367214608,1,3,3.075833333333333,5.832222222222223,12.2475,4,22,6.4255555555555555,8293,0.0092849391052695,40000,0.273125
u01,1367301495,1,2,8.838055555555556,17.567777777777778,18.758333333333333,3,0,0.0,8123,0.0679551889695925,22401,0.0
u02,1365038425,1,2,9.464722222222223,11.095555555555556,8.637777777777778,3,13,0.9780555555555556,8153,0.0540905188274254,25161,0.0909343825762092
u02,1364421902,0,4,9.318888888888889,9.318888888888889,8.596944444444444,1,0,0.0,6028,0.0451227604512276,16917,0.0058521014364248
u02,1364601238,0,4,7.324166666666667,13.213888888888889,11.168333333333333,3,16,4.560833333333333,7972,0.0564475664826894,35266,0.2228492031985481
u02,1364682454,0,4,8.179166666666667,12.987777777777778,7.071111111111111,3,28,7.437777777777778,7817,0.0649865677369835,43392,0.3526226032448377
u02,1364768711,0,5,8.3,8.850277777777778,8.175,1,19,9.149444444444445,7131,0.0694152292806058,48254,0.3659178513698346
u02,1365300736,0,4,8.357777777777779,11.21861111111111,3.620277777777778,3,39,8.21861111111111,7999,0.06975871983998,45373,0.309457166156084
u02,1365979252,1,2,6.306388888888889,12.562222222222223,8.387777777777778,3,30,6.287222222222222,8089,0.0265793052293237,39955,0.3470404204730322
u02,1366085883,1,2,8.47888888888889,15.644166666666667,6.243888888888889,3,39,7.694166666666667,8101,0.0498703863720528,43853,0.3218707956126149
u02,1366103819,1,2,4.6563888888888885,15.571944444444444,7.223333333333334,4,41,8.436666666666667,8082,0.0499876268250433,46012,0.3285229940015648
u02,1366185893,0,4,4.738333333333333,12.341666666666667,5.081666666666667,3,20,8.263055555555555,8093,0.0606697145681453,45606,0.3494496338201114
u02,1366257612,0,4,9.019722222222223,13.215555555555556,7.632777777777778,3,22,9.008611111111112,7897,0.0630619222489553,47648,0.4447405977165883
u02,1366451303,0,4,0.0,0.0,7.481111111111111,2,34,8.368333333333334,8077,0.0373901200940943,45885,0.3517925247902365
u02,1367193693,1,2,8.3475,13.69111111111111,7.611111111111111,3,10,2.2866666666666666,7444,0.1089468027941966,28727,0.1476659588540397
u02,1367208294,1,2,7.220833333333333,12.078611111111112,7.611111111111111,3,13,3.731388888888889,7766,0.0809940767447849,32809,0.2132646529915572
u02,1367294841,1,2,6.22,7.533333333333333,7.803055555555556,2,31,7.025555555555556,8005,0.0554653341661461,42846,0.3719367035429211
u03,1364410075,0,4,7.354722222222223,15.800277777777778,17.32777777777778,4,13,4.075277777777778,5092,0.0245483110761979,25325,0.3594076999012833
u03,1364410076,0,5,7.354722222222223,15.800555555555556,17.328055555555554,4,13,4.075277777777778,5092,0.0245483110761979,25325,0.3594076999012833
u03,1364773842,0,4,0.0,0.0,17.93777777777778,3,0,0.0,8267,0.0001209628644006,22475,0.0039599555061179
u03,1364773844,0,5,0.0,0.0,17.938333333333333,3,0,0.0,8267,0.0001209628644006,22473,0.0039603079250656
u03,1364773838,0,5,0.0,0.0,17.936666666666667,3,0,0.0,8267,0.0001209628644006,22479,0.0039592508563548
u03,1364773845,0,5,0.0,0.0,17.93861111111111,3,0,0.0,8267,0.0001209628644006,22472,0.0039604841580633
u03,1364773834,0,5,0.0,0.0,17.935555555555556,3,0,0.0,8267,0.0001209628644006,22483,0.0039585464573233
u03,1365057637,0,5,7.046111111111111,7.046111111111111,7.517777777777778,2,8,2.6805555555555554,8278,0.0339453974389949,29998,0.1967131142076138
u03,1365391156,0,5,8.332222222222223,8.332222222222223,21.47361111111111,4,0,0.0,8316,0.0,22469,0.0035604610797098
u03,1365153860,0,5,0.0,0.0,3.9816666666666665,0,1,0.0225,8338,0.0,22539,0.0098939615777097
u03,1365264599,1,2,0.7513888888888889,0.7513888888888889,0.0,0,16,3.5469444444444442,8136,0.0323254670599803,32377,0.2047441084720635
u03,1365976809,0,4,3.323611111111111,4.376666666666667,1.1425,1,2,0.165,8251,0.0071506484062537,22948,0.0207861251525187
u03,1366217270,1,2,1.1194444444444445,1.1194444444444445,8.742777777777778,1,11,0.42583333333333334,8138,0.024576062914721,23598,0.0309772014577506
u03,1366564808,1,2,1.2225,2.2780555555555555,23.837222222222223,6,44,4.521944444444444,8291,0.0073573754673742,35332,0.2078852032152156
u03,1367300082,0,5,6.003333333333333,10.538055555555555,18.450555555555557,6,6,1.5238888888888888,8105,0.0235657001850709,26736,0.1070092758827049
u03,1367179227,1,2,1.2886111111111112,1.2886111111111112,7.75,3,21,0.9772222222222222,8167,0.0048977592751316,25223,0.0761606470285057
u03,1367193635,1,3,3.0280555555555555,4.316666666666666,6.7683333333333335,3,14,0.7166666666666667,8118,0.0078837152007883,24485,0.0626506024096385
u03,1367208006,1,3,3.0280555555555555,4.316666666666666,4.239722222222222,2,6,0.29194444444444445,8053,0.0083198807897677,23301,0.0307712115359855
u03,1367266699,0,4,7.241388888888889,11.785277777777777,15.270833333333334,4,7,1.4566666666666668,8095,0.0231006794317479,26536,0.107363581549593
u04,1364871206,1,3,7.043333333333333,18.4025,21.506666666666668,5,40,6.113611111111111,7924,0.156108026249369,39204,0.3254004693398633
u04,1365003955,1,2,8.780555555555555,17.81861111111111,21.473055555555554,6,41,6.968055555555556,7999,0.1463932991623953,41752,0.353276489748994
u04,1364423252,0,4,7.074166666666667,12.910833333333333,13.038333333333334,4,39,6.8775,6160,0.1008116883116883,36676,0.3090576944050605
u04,1364573027,1,2,6.515833333333333,13.598333333333333,17.932222222222222,5,35,5.936388888888889,7942,0.0828506673382019,39327,0.353192463193226
u04,1364948274,1,2,8.727777777777778,20.023333333333333,19.30361111111111,6,35,5.836388888888889,7945,0.1222152297042164,38580,0.2868843960601347
u04,1365175514,1,2,7.018888888888889,16.011111111111113,20.12,6,51,8.012777777777778,8085,0.1370439084724799,44881,0.2986787281923308
u04,1366099532,1,2,3.4594444444444443,16.726666666666667,18.31,5,66,8.881388888888889,8076,0.0948489351163942,47455,0.3127805289221367
u04,1365721600,1,3,2.7288888888888887,8.72888888888889,12.248611111111112,5,53,8.207777777777778,5725,0.1561572052401746,39056,0.3691110200737402
u04,1365991302,1,2,7.724722222222222,22.48638888888889,23.97388888888889,3,30,6.254444444444444,8062,0.0765318779459191,39972,0.2687631341939357
u04,1366084885,1,3,6.2188888888888885,18.17361111111111,19.780555555555555,6,62,8.438888888888888,8081,0.1009776017819576,46179,0.2991186470040494
u04,1366067037,1,3,6.2188888888888885,21.121666666666666,23.721944444444443,5,51,7.128888888888889,8145,0.0939226519337016,42584,0.2744223182415931
u04,1366965454,1,3,4.694166666666667,19.943055555555556,22.666666666666668,5,59,8.6775,8081,0.1407004083653013,46895,0.3590361445783132
u04,1366862709,1,3,9.408055555555556,17.031388888888888,23.20277777777778,6,48,5.621388888888889,8020,0.1397755610972568,38280,0.2617816091954023
u04,1367000252,1,3,7.653888888888889,18.175833333333333,22.661944444444444,5,47,6.979722222222223,8127,0.1140642303433001,42135,0.2977334757327637
u04,1367286464,1,3,6.7,14.9,21.154722222222222,5,55,7.707777777777777,8114,0.0973625831895489,44199,0.3101201384646711
u04,1367183650,1,3,8.934444444444445,15.164166666666667,20.218888888888888,7,26,6.278333333333333,8116,0.1131099063578117,40019,0.2596016891976311
u04,1367250838,1,3,6.7,13.669444444444444,21.649166666666666,4,47,6.266388888888889,8083,0.1000866015093406,40066,0.297908451055758
u04,1367300942,1,3,5.523888888888889,11.519444444444444,21.15111111111111,6,63,8.141944444444444,8142,0.0894129206583149,45362,0.3162338521229222
u04,1367272489,1,3,6.7,15.6525,20.871944444444445,5,61,7.683611111111111,8094,0.090313812700766,44042,0.3322283275055628
u04,1367899398,1,2,7.966111111111111,11.356111111111112,15.106666666666667,7,59,6.250277777777778,7869,0.1143728555089592,39765,0.2918898528857035
u04,1367949703,1,2,5.743888888888889,8.04138888888889,11.44138888888889,4,74,8.145833333333334,7682,0.1431918771153345,44896,0.3473360655737705
u04,1368079040,1,3,5.598055555555556,17.50861111111111,10.213611111111112,2,43,9.859166666666667,8048,0.0915755467196819,49949,0.4204288374141624
u05,1364415083,0,4,8.845,11.53111111111111,13.278888888888888,3,8,4.678055555555556,5473,0.0348985930933674,28078,0.3380938813305791
u05,1364425922,0,5,8.845,12.91,16.163055555555555,5,9,5.0325,6392,0.0402065081351689,31863,0.3065938549414682
u05,1364409301,0,4,8.845,11.212222222222222,12.605,2,8,3.4788888888888887,4935,0.0218844984802431,23192,0.3264918937564677
u05,1364501283,0,4,9.30638888888889,12.655833333333334,17.4325,5,28,5.388055555555556,7698,0.0404001039230969,37564,0.2251890107549781
u05,1364605380,0,4,4.935555555555555,6.216111111111111,8.1775,4,23,7.488333333333333,8073,0.0652793261488913,43409,0.3355755718860144
u05,1364681002,0,4,9.505833333333333,10.5225,16.345833333333335,3,30,8.429166666666667,7518,0.085927108273477,46184,0.293759743634159
u07,1364731808,0,4,3.984166666666667,17.46361111111111,21.62527777777778,8,37,2.473333333333333,7606,0.0796739416250328,29403,0.1294765840220385
u07,1364971139,0,4,8.66,12.261944444444444,16.177222222222223,4,29,9.416666666666666,8031,0.0691072095629436,48816,0.3158800393313667
u07,1364637696,0,4,3.765,3.765,10.86111111111111,2,33,6.198611111111111,7889,0.0792242362783622,39965,0.2888527461528837
u07,1364695672,0,5,3.1008333333333336,7.862777777777778,21.310833333333335,5,20,2.466388888888889,7972,0.0479177119919719,29481,0.1227909501034564
u07,1364355812,1,2,0.0,0.0,0.0,0,0,0.0,0,,0,
u07,1364517071,0,4,2.5419444444444443,2.5419444444444443,12.326944444444445,3,28,8.302222222222222,7884,0.0857432775240994,45700,0.3029540481400438
u07,1364372190,0,4,2.2269444444444444,2.2269444444444444,1.8527777777777779,0,6,0.6755555555555556,1465,0.0061433447098976,6028,0.1682149966821499
u07,1364422428,0,4,7.845,11.271944444444445,10.262222222222222,3,22,6.961666666666667,6129,0.1019742209169522,36754,0.3677967023997388
u07,1364443895,0,4,7.845,11.271944444444445,11.024722222222222,3,37,9.726666666666667,8068,0.0857709469509172,49785,0.3630209902581098
u07,1364536763,0,4,2.5419444444444443,2.5419444444444443,9.860555555555555,2,27,7.225833333333333,7905,0.0855154965211891,42698,0.2808328258934844
u07,1364513833,0,4,2.5419444444444443,2.5419444444444443,12.326944444444445,3,30,8.997777777777777,7887,0.0821605173069608,47718,0.3118320130768263
u07,1364531238,0,4,2.5419444444444443,2.5419444444444443,11.3025,3,25,7.1530555555555555,7896,0.085612968591692,42447,0.2787711734633779
u07,1364587358,0,4,2.187777777777778,3.8008333333333333,3.4158333333333335,1,35,7.36,8042,0.0747326535687639,43146,0.2725861029991193
u07,1364595952,0,4,3.765,3.765,3.765,1,34,5.469166666666666,8074,0.0601932127817686,37841,0.2733807246108718
u07,1364799501,0,5,9.431944444444444,12.773888888888889,14.578611111111112,5,41,4.484166666666667,8081,0.0512312832570226,34955,0.207924474324131
u07,1364614568,0,5,3.765,3.765,5.682222222222222,1,33,5.891111111111111,7911,0.0790039185943622,39129,0.2792302384420762
u07,1364713715,0,4,3.3919444444444444,12.479722222222222,21.66111111111111,7,31,2.313888888888889,7664,0.068241127348643,28960,0.1218577348066298
u07,1364695670,0,5,3.1008333333333336,7.862222222222222,21.310833333333335,5,20,2.466388888888889,7972,0.0479177119919719,29481,0.1227909501034564
u07,1364765844,0,4,9.431944444444444,21.131944444444443,21.63138888888889,9,42,3.6036111111111113,7699,0.0813092609429796,32511,0.1722493925133031
u07,1364770202,0,4,9.431944444444444,20.516944444444444,20.64638888888889,8,44,4.220833333333333,7745,0.0759199483537766,34207,0.1948723945391294
u07,1364791877,0,4,9.431944444444444,14.7425,15.828333333333333,6,50,4.849166666666667,7917,0.0565870910698496,35965,0.2184345891839288
u07,1364983966,0,4,6.677222222222222,13.842222222222222,17.913055555555555,4,24,9.144166666666667,8086,0.0657927281721494,48011,0.3083460040407406
u07,1365040346,0,4,7.790555555555556,16.089444444444446,17.996666666666666,8,36,9.015833333333333,7780,0.0899742930591259,47743,0.3706302494606539
u07,1365011835,0,4,7.790555555555556,11.701666666666666,16.886111111111113,6,30,10.923055555555555,7931,0.0754003278275123,53141,0.3629212848836115
u07,1365081505,0,4,5.223055555555556,18.429166666666667,22.318055555555556,8,54,8.813888888888888,7371,0.1081264414597747,47116,0.3630189319976228
u07,1365150132,0,5,5.895833333333333,17.871111111111112,20.563055555555554,6,42,10.376944444444444,8116,0.0680137999014292,51439,0.3615739030696553
u07,1365461428,0,4,8.144444444444444,17.48638888888889,11.21861111111111,2,67,11.51388888888889,6100,0.1577049180327868,54218,0.3511933306282047
u07,1365672741,0,4,5.461944444444445,17.426388888888887,8.116111111111111,1,33,5.375555555555556,8245,0.03456640388114,37644,0.2597226649665285
u07,1365710683,0,4,9.62888888888889,17.430555555555557,11.94361111111111,2,30,6.688055555555556,8152,0.0283366045142296,41351,0.3332204783439336
u07,1365804691,0,4,8.606666666666667,17.876666666666665,23.07888888888889,4,30,5.9025,8186,0.0715856340092841,39069,0.2742583634083289
u07,1366169922,0,4,8.85388888888889,23.052777777777777,21.421388888888888,6,56,6.326666666666667,7582,0.0565813769453969,40018,0.3130841121495327
u07,1365891820,0,4,8.2975,13.883888888888889,12.449444444444444,1,48,5.265833333333333,8305,0.0074653822998193,37379,0.2242435592177425
u07,1366056040,1,2,8.85138888888889,10.01361111111111,11.140833333333333,2,11,2.8966666666666665,7634,0.0432276657060518,29624,0.2047664056170672
u07,1366186225,0,4,8.85388888888889,18.59638888888889,21.27888888888889,4,44,5.027777777777778,7946,0.0349861565567581,36516,0.2631175375178004
u07,1366281877,0,4,3.98,11.348888888888888,19.801944444444445,6,45,5.732222222222222,8096,0.0474308300395256,38482,0.270204251338288
u07,1366245261,0,4,1.775,7.131944444444445,20.048333333333332,5,44,6.216666666666667,7999,0.0601325165645705,39936,0.2883112980769231
u07,1366434340,0,4,6.773611111111111,13.063611111111111,16.089166666666667,5,31,10.107222222222223,7631,0.1077185165771196,50667,0.4006157854224643
u07,1366716537,0,4,3.8675,12.491666666666667,12.015277777777778,3,3,0.6255555555555555,7680,0.0235677083333333,23970,0.0642052565707134
u07,1366752736,0,5,9.256944444444445,16.843333333333334,15.736944444444445,4,0,0.0,7740,0.0222222222222222,22510,0.0001332741003998
u08,1364349856,1,2,0.0,0.0,0.0,0,0,0.0,0,,0,
u08,1364505508,1,3,6.860833333333333,11.031666666666666,10.35361111111111,5,21,5.082777777777777,8106,0.0621761658031088,36730,0.2872583719030765
u08,1364508471,1,3,6.860833333333333,11.142222222222221,10.043333333333333,4,21,5.532777777777778,8093,0.0628938588903991,37928,0.2978274625606412
u08,1364364910,0,4,0.9330555555555555,0.9330555555555555,2.2913888888888887,1,4,0.18472222222222223,770,0.135064935064935,2627,0.1199086410354016
u08,1364375470,0,4,3.866388888888889,3.866388888888889,5.224722222222222,1,4,0.18472222222222223,1791,0.0580681183696259,5375,0.0586046511627907
u08,1364446429,1,2,6.4063888888888885,12.314444444444444,12.356944444444444,6,23,5.4425,8020,0.0913965087281795,37693,0.3164513304857665
u08,1364457406,1,3,3.78,12.708055555555555,12.82,7,21,5.362777777777778,8039,0.0844632416967284,37492,0.3164408407126853
u08,1364438557,0,4,6.4063888888888885,12.03,13.508055555555556,7,20,4.916944444444445,7614,0.0890464933018124,35002,0.3197245871664476
u08,1364578964,1,2,6.625555555555556,10.578055555555556,9.495,4,30,6.4925,8085,0.0654298082869511,40417,0.3163272880223668
u08,1364591073,1,2,6.625555555555556,12.635555555555555,11.668888888888889,5,29,5.567222222222222,8013,0.0645201547485336,37847,0.2933125478901894
u08,1364780452,1,3,4.671944444444445,9.984166666666667,13.168611111111112,6,24,2.0433333333333334,8156,0.0332270720941638,27983,0.1297573526784119
u08,1364797586,1,2,4.671944444444445,8.629166666666666,9.73611111111111,4,27,2.7119444444444443,8085,0.0326530612244898,29808,0.1680421363392377
u08,1365185784,1,3,4.802222222222222,9.956111111111111,6.939722222222223,3,37,11.495833333333334,8041,0.0661609252580524,54433,0.4134991641100068
u08,1365733253,1,2,7.953055555555555,17.7925,14.068333333333333,6,33,4.808888888888889,8163,0.0376087222834742,36011,0.2709449890311294
u08,1365590059,1,3,3.691666666666667,12.114722222222222,11.617777777777778,4,27,3.7825,8043,0.062290190227527,33051,0.2242292215061571
u08,1365616172,1,3,6.027222222222222,12.456388888888888,12.149722222222222,6,35,7.001388888888889,8006,0.0810642018486135,41978,0.3491114393253609
u08,1365747918,1,2,7.953055555555555,17.947222222222223,14.106388888888889,7,43,7.055833333333333,8114,0.0425191027853093,42320,0.3324196597353497
u08,1365770153,1,2,4.435277777777777,18.089166666666667,15.154444444444444,7,51,7.319166666666667,8116,0.0548299655002464,43043,0.3386381060799665
u08,1365818216,1,2,4.575555555555556,13.644722222222223,13.948055555555555,8,40,5.888055555555556,8085,0.0440321583178726,38782,0.3137538033108143
u08,1365852894,1,2,6.406666666666666,11.979722222222222,11.7725,6,23,5.866944444444444,8103,0.0351721584598296,38815,0.3411825325260852
u08,1365998848,1,2,5.520833333333333,10.298055555555555,13.998333333333333,6,39,6.767222222222222,7773,0.0223851794673871,41238,0.3271497162810999
u08,1365917932,1,2,6.123611111111111,7.536944444444444,10.96111111111111,5,44,3.673888888888889,8058,0.0424422933730454,32503,0.1836138202627449
u08,1366010517,1,3,5.520833333333333,9.188611111111111,12.895277777777778,5,34,8.438055555555556,7794,0.0189889658711829,45935,0.4016109720256884
u08,1366057262,1,2,6.682222222222222,11.477777777777778,13.273055555555555,5,31,9.02,7796,0.0455361723961005,47803,0.4185092985795871
u08,1366086828,1,2,6.682222222222222,8.598333333333333,10.94361111111111,5,23,6.244166666666667,8057,0.0767034876504902,40006,0.3390741388791681
u08,1366175231,1,2,7.383611111111111,9.797777777777778,9.904722222222222,3,37,5.197777777777778,8066,0.0541780312422514,36916,0.253413154187886
u08,1366317256,1,3,4.810277777777777,7.635833333333333,5.691666666666666,1,43,6.6433333333333335,7992,0.0799549549549549,41120,0.3144455252918288
u08,1366265194,1,2,5.404166666666667,8.057777777777778,6.214166666666666,2,44,8.770833333333334,7967,0.0607505962093636,47155,0.3773512883045276
u08,1366489231,1,2,3.503888888888889,5.1097222222222225,7.998333333333333,2,31,4.691388888888889,8032,0.0437001992031872,35486,0.2361212872682184
u08,1366575699,1,3,3.4586111111111113,4.07,6.963888888888889,3,45,5.808333333333334,7852,0.0690269994905756,38755,0.3017417107470004
u08,1366758108,1,2,4.582777777777777,7.256388888888889,9.590555555555556,4,40,6.816388888888889,8032,0.0749501992031872,41369,0.2998622156687374
u08,1366698648,1,2,2.0477777777777777,4.523333333333333,11.770277777777778,8,51,9.466944444444444,7942,0.0548980105766809,48705,0.4013961605584642
u08,1366851437,1,3,4.61,11.981944444444444,12.58611111111111,3,32,5.631388888888889,8048,0.0743041749502982,37653,0.2719305234642657
u08,1366706995,1,2,2.0477777777777777,5.523333333333333,10.954444444444444,7,49,9.41638888888889,7920,0.0617424242424242,48580,0.3996088925483738
u08,1366960451,1,3,4.695555555555556,5.2588888888888885,7.420833333333333,3,56,7.086666666666667,7910,0.0758533501896333,42082,0.348581341191008
u08,1367002852,1,2,5.833055555555555,5.833055555555555,9.144444444444444,4,53,8.647777777777778,7840,0.1114795918367347,46523,0.3842615480515014
u08,1367022689,1,3,5.833055555555555,5.833055555555555,8.139722222222222,3,42,7.306666666666667,7976,0.0893931795386158,42971,0.3517023108608131
u08,1366926960,1,3,4.695555555555556,4.695555555555556,4.679444444444444,1,66,7.375277777777778,7926,0.0572798385061821,42784,0.3394493268511593
u08,1366964391,1,2,4.695555555555556,6.3533333333333335,8.515277777777778,3,51,6.764722222222222,7925,0.0749526813880126,41208,0.3414870898854591
u08,1367193909,1,2,6.044722222222222,8.095833333333333,8.161666666666667,3,43,5.1125,8090,0.0179233621755253,36706,0.3162153326431646
u08,1367266965,1,2,3.0547222222222223,4.9225,7.563611111111111,3,46,9.420277777777779,7950,0.0477987421383647,48882,0.4183134896280839
u08,1367367218,1,3,3.701111111111111,7.244166666666667,7.1097222222222225,5,55,10.041666666666666,7511,0.0917321262148848,50636,0.4107156963425231
u08,1367445345,1,2,3.6575,7.072777777777778,8.385833333333334,6,39,6.063888888888889,7966,0.0834797891036906,39307,0.3081893810262803
u08,1368039468,1,2,5.511388888888889,11.552222222222222,13.937777777777777,6,58,8.15611111111111,7896,0.0833333333333333,45115,0.3425246592042558
u08,1368136750,1,2,10.009166666666667,11.993055555555555,12.983333333333333,5,42,5.871111111111111,7982,0.0809320972187421,38751,0.2756315966039586
u08,1367745576,1,3,6.1994444444444445,13.622222222222222,5.042777777777777,3,36,5.716388888888889,7979,0.0552700839704223,38390,0.2395415472779369
u08,1367898820,1,2,5.833888888888889,12.546388888888888,10.293333333333333,3,45,4.715277777777778,7722,0.094017094017094,35676,0.2470568449377733
u08,1369002985,1,2,5.431388888888889,8.151111111111112,14.875555555555556,7,44,4.201666666666667,8174,0.050526058233423,34234,0.2342992346789741
u08,1369316354,1,2,4.0275,13.390555555555556,11.189166666666667,3,42,9.561666666666667,7854,0.0650623885918003,49183,0.3692739361161377
u08,1369379404,1,2,7.518055555555556,12.221944444444444,9.348333333333333,2,46,7.641944444444444,7892,0.0449822605169792,43497,0.3394257075200588
u09,1364423233,0,4,9.470277777777778,14.13111111111111,13.774166666666666,3,16,3.515277777777778,5890,0.0373514431239388,26453,0.255093940195819
u09,1364508026,0,4,3.6841666666666666,8.598611111111111,17.337222222222223,4,44,6.480833333333333,8017,0.0568791318448297,40944,0.3436400937866354
u10,1364609268,1,2,6.479722222222223,14.910277777777777,14.878333333333334,7,35,7.010277777777778,8130,0.0309963099630996,42102,0.3368961094484822
u10,1364869924,0,4,7.683888888888889,15.336388888888889,18.984166666666667,8,42,4.601666666666667,8182,0.036421412857492,35408,0.2539539087211929
u10,1364428862,1,2,7.900277777777778,13.601666666666667,13.58361111111111,5,36,5.395555555555555,6731,0.0527410488783241,33675,0.3234743875278396
u10,1364609269,0,4,6.479722222222223,14.91,14.878333333333334,7,35,7.010555555555555,8130,0.0309963099630996,42103,0.3368881077357908
u10,1364702853,0,4,3.9969444444444444,10.460277777777778,18.593611111111112,5,17,2.0819444444444444,8148,0.0299459990181639,28284,0.1593126856173101
u10,1364699474,0,4,3.2880555555555557,9.521666666666667,18.591666666666665,6,17,2.0819444444444444,8147,0.0299496747268933,28283,0.1594597461372556
u10,1364680918,0,4,3.2880555555555557,8.193055555555556,17.02027777777778,5,21,4.806388888888889,8219,0.0212921279961065,36048,0.2521915224145584
u10,1364752051,0,4,8.277222222222223,15.562777777777777,16.471666666666668,6,19,2.0597222222222222,8122,0.032627431667077,28360,0.1497531734837799
u10,1364968520,0,4,6.3469444444444445,11.64861111111111,15.02361111111111,5,40,7.3822222222222225,8211,0.0304469613932529,42813,0.3143437740873099
u10,1364806252,0,4,4.166944444444445,16.47833333333333,18.645555555555557,6,24,1.3186111111111112,8203,0.0299890284042423,26136,0.08681512090603
u10,1364833955,0,4,7.683888888888889,17.789722222222224,19.967777777777776,7,21,2.3269444444444445,8227,0.0300230946882217,28838,0.1712670781607601
u10,1364968519,0,4,6.347222222222222,11.648888888888889,15.02361111111111,5,40,7.3822222222222225,8212,0.0304432537749634,42813,0.3143437740873099
u10,1364969990,0,5,5.938611111111111,11.240277777777777,15.02361111111111,5,40,7.3822222222222225,8203,0.0304766548823601,42791,0.3145287560468323
u10,1365040681,0,4,2.457222222222222,9.688888888888888,21.085555555555555,8,30,6.7175,8215,0.0344491783323189,41084,0.2810826599162691
u10,1365120705,1,2,7.065,14.672777777777778,15.111944444444445,5,37,6.904722222222222,8152,0.0404808635917566,41762,0.3322398352569321
u10,1365207346,1,2,8.444722222222222,19.108055555555556,18.46472222222222,7,50,6.128333333333333,8180,0.0321515892420537,39848,0.2679180887372013
u10,1365213650,0,4,8.444722222222222,19.280833333333334,18.46472222222222,7,48,6.066666666666666,8182,0.0321437301393302,39712,0.2640763497179694
u10,1365234458,0,4,4.734166666666667,18.397222222222222,18.02611111111111,7,42,5.773055555555556,8178,0.0321594521887992,38837,0.2576409094420269
u10,1365266723,0,4,7.776944444444444,15.635833333333334,18.35,7,41,4.052777777777778,8210,0.0348355663824604,33999,0.1887996705785464
u10,1365357079,0,4,8.791944444444445,16.8225,19.09722222222222,7,41,4.0216666666666665,8168,0.0318315377081292,33977,0.1623745474880066
u10,1365395153,0,5,7.810833333333333,14.877777777777778,17.889444444444443,7,26,2.923611111111111,8168,0.0368511263467189,30692,0.1709891828489508
u10,1365400248,0,4,6.395555555555555,14.877777777777778,17.889444444444443,7,26,2.923611111111111,8163,0.0368736983951978,30686,0.1710877924786547
u10,1365438631,0,4,8.216666666666667,16.258333333333333,17.433611111111112,7,17,3.088888888888889,8113,0.0424010846789103,31166,0.2188282102290958
u10,1365473663,0,4,8.216666666666667,13.915277777777778,16.345833333333335,5,30,4.420555555555556,8081,0.049746318524935,34824,0.2439122444291293
u10,1365482894,0,4,7.638055555555556,13.912777777777778,16.344444444444445,5,30,4.420555555555556,8080,0.0497524752475247,34839,0.2438359309968713
u10,1365480250,0,5,8.216666666666667,13.908611111111112,16.33888888888889,6,30,4.420555555555556,8082,0.0497401633259094,34838,0.2439003387106033
u10,1365561812,0,4,8.549166666666666,12.276111111111112,15.110833333333334,5,44,5.218055555555556,8100,0.0314814814814814,37142,0.260836788541274
u10,1365656970,0,4,7.541944444444445,17.6625,18.6525,8,53,5.264444444444444,8133,0.0375015369482355,37432,0.2645597349861081
u10,1365652667,1,2,8.737222222222222,17.72,18.717777777777776,7,53,5.264444444444444,8135,0.0374923171481253,37432,0.2647200256465056
u10,1365738620,0,4,8.2275,8.6025,12.446388888888889,3,30,6.064444444444445,8056,0.0424528301886792,39504,0.3271567436208991
u10,1366057780,1,2,8.153055555555556,11.641666666666667,17.689444444444444,5,45,5.5536111111111115,8180,0.0260391198044009,37972,0.2983250816391025
u10,1366163551,1,2,8.436388888888889,11.838055555555556,13.024444444444445,4,42,7.6033333333333335,8025,0.0463551401869158,44018,0.3554227815893498
u10,1366175910,1,2,7.373055555555555,10.355555555555556,11.541944444444445,3,31,6.852777777777778,8037,0.0451661067562523,41800,0.3485167464114833
u10,1366302399,0,4,8.389166666666666,13.519722222222223,13.780555555555555,5,22,5.023333333333333,8073,0.066394153350675,36505,0.3373236542939323
u10,1366507435,0,4,7.7252777777777775,11.475277777777778,14.267777777777777,4,38,2.6894444444444443,8058,0.0320178704393149,30050,0.1776039933444259
u10,1366431434,0,4,2.3758333333333335,3.4122222222222223,4.810555555555555,3,34,6.573888888888889,7936,0.0505292338709677,40864,0.3331049334377447
u10,1366999326,1,2,9.056666666666667,15.050833333333333,17.104166666666668,5,41,6.880833333333333,8168,0.0408912830558276,41690,0.3480690813144639
u10,1366595714,0,4,8.693055555555556,16.2375,17.42361111111111,6,31,2.9566666666666666,8101,0.0391309714850018,30820,0.1258922777417261
u10,1366562620,0,4,8.693055555555556,15.376944444444444,15.493611111111111,4,31,1.84,8154,0.0313956340446406,27576,0.1333043225993617
u10,1366600652,0,4,8.693055555555556,16.235277777777778,17.42222222222222,7,37,3.1258333333333335,8101,0.0391309714850018,31250,0.130784
u10,1366617063,0,4,4.6002777777777775,16.157222222222224,17.42222222222222,7,37,3.1258333333333335,8099,0.0391406346462526,31250,0.130848
u10,1366648805,0,4,8.268333333333333,15.65,18.5325,8,37,4.8133333333333335,8077,0.044199579051628,36014,0.225690009440773
u10,1366821887,0,4,8.835277777777778,9.924722222222222,18.609166666666667,6,49,4.945,7967,0.0366511861428392,36385,0.266098667033118
u10,1366868375,0,4,6.975,13.014444444444445,22.448888888888888,7,29,2.142777777777778,8190,0.0194139194139194,28603,0.1390763206656644
u10,1366683576,0,4,8.268333333333333,15.623333333333333,17.887777777777778,6,30,4.454444444444444,8199,0.0435418953530918,34715,0.2605790004320898
u10,1366657587,0,4,8.268333333333333,15.698888888888888,18.25027777777778,8,38,5.845555555555555,8089,0.0562492273457782,38778,0.2567177265459797
u10,1366734466,1,2,7.513888888888889,16.02027777777778,17.94638888888889,6,37,5.278333333333333,8217,0.0464889862480223,36927,0.3033011075906518
u10,1366907654,0,4,8.121944444444445,12.601944444444445,20.098055555555554,6,27,4.253055555555555,8128,0.0258366141732283,34327,0.2712733416843884
u10,1367036245,0,4,8.1075,13.2125,13.478055555555555,5,34,6.0216666666666665,8146,0.0365823717161797,39429,0.3171016257069669
u10,1367208278,1,3,6.091111111111111,8.736666666666666,3.5327777777777776,2,37,4.349166666666667,8129,0.0449009718292532,34699,0.2364045073345053
u10,1367294505,0,4,2.108888888888889,6.076388888888889,7.397222222222222,3,25,3.877222222222222,8148,0.0258959253804614,33379,0.2401809520956289
u10,1367267124,0,4,2.2780555555555555,4.931388888888889,5.696666666666666,2,28,5.2491666666666665,8153,0.0377775052128051,37285,0.3083813866166018
u10,1368652566,0,4,4.488888888888889,4.488888888888889,9.223333333333333,4,28,3.2736111111111112,8042,0.038298930614275,31703,0.2387471217234962
u10,1368652620,0,4,4.488888888888889,4.488888888888889,9.223333333333333,4,28,3.2736111111111112,8032,0.0383466135458167,31680,0.2388888888888889
u10,1368908148,1,2,3.245833333333333,4.885555555555555,7.106111111111111,2,18,1.0480555555555555,8047,0.0297005095066484,25368,0.0879848628192999
u10,1369327578,0,4,1.071388888888889,2.986666666666667,9.445833333333333,4,61,6.930833333333333,8208,0.0327729044834308,41669,0.3750269984880847
u12,1364680435,1,3,8.64638888888889,12.716944444444444,10.216666666666667,3,29,7.103055555555556,7729,0.0344158364600853,42262,0.3899010931806351
u12,1364421657,0,4,8.582777777777778,14.917777777777777,14.460555555555555,7,30,4.975555555555555,5925,0.0577215189873417,30794,0.3656231733454569
u12,1364500079,1,3,8.817777777777778,16.872222222222224,17.15861111111111,7,33,5.653888888888889,7974,0.0237020316027088,38031,0.3051983907864636
u12,1364491500,0,4,8.817777777777778,18.06361111111111,18.12472222222222,8,38,4.3180555555555555,7829,0.037424958487674,34281,0.2690995011814124
u12,1364781885,0,4,9.539444444444445,14.059444444444445,11.738611111111112,4,40,4.375277777777778,7990,0.0206508135168961,34308,0.2501457386032412
u12,1364947331,0,4,9.235277777777778,14.844166666666666,12.691666666666666,5,17,3.5661111111111112,7951,0.0381084140359703,32453,0.2364034141681816
u12,1365058833,1,3,4.945833333333334,11.981666666666667,13.932222222222222,7,32,8.435277777777777,7961,0.0433362642884059,46022,0.3831428447264351
u12,1365144922,0,4,4.644722222222223,15.99611111111111,13.703888888888889,5,29,7.9558333333333335,7799,0.0523143992819592,44722,0.3898528688341308
u12,1365233989,1,3,4.736944444444444,11.195833333333333,7.1883333333333335,2,36,10.18361111111111,6998,0.0674478422406401,50888,0.4047516113818582
u12,1365578714,0,4,5.068333333333333,16.32472222222222,14.245833333333334,5,26,5.366944444444444,7770,0.0447876447876447,37998,0.2642244328648876
u12,1365891828,1,3,3.3427777777777776,3.765277777777778,11.04,3,15,4.469166666666666,7506,0.016919797495337,35574,0.3320964749536178
u12,1366408212,0,5,9.120833333333334,16.268333333333334,17.363611111111112,7,20,5.3661111111111115,8102,0.0196247840039496,37317,0.3279470482621861
u12,1367266927,1,3,8.209722222222222,21.245277777777776,20.429444444444446,6,31,5.954722222222222,8022,0.056469708302169,38977,0.3513610590861277
u12,1367299278,1,3,7.330277777777778,17.883055555555554,17.65888888888889,7,20,4.6675,8088,0.0379574678536102,35632,0.3072238437359676
u12,1369296674,1,2,4.129722222222222,12.338888888888889,8.768333333333333,2,34,5.054444444444444,7839,0.0410766679423395,36292,0.2867298578199052
u14,1364426314,0,4,8.528611111111111,14.285555555555556,16.5,5,27,4.936388888888889,6533,0.0806673809888259,31953,0.2596000375551591
u14,1364515193,0,4,9.394722222222223,19.724722222222223,17.435277777777777,4,35,9.389444444444445,7974,0.1804614998745924,48746,0.3856521560743445
u14,1364811751,1,2,4.696666666666666,12.855555555555556,16.718333333333334,6,36,4.276388888888889,8110,0.0543773119605425,34344,0.2364313999534125
u14,1365034272,1,2,6.674166666666666,11.522777777777778,12.702222222222222,4,27,12.609722222222222,8055,0.1509621353196772,57368,0.4180902245154093
u14,1364948510,1,2,9.2325,12.70111111111111,15.417777777777777,6,26,6.813055555555556,8114,0.0684002957850628,41417,0.3505565347562595
u14,1364979013,1,2,5.535,15.991111111111111,17.748055555555556,6,27,10.380277777777778,8002,0.1378405398650337,51314,0.4057372257083836
u14,1365056774,1,2,5.431111111111111,10.384166666666667,11.322222222222223,5,23,11.679166666666667,7972,0.1095082789764174,54747,0.390377554934517
u14,1365244515,1,2,8.437222222222223,13.561666666666667,14.102222222222222,3,25,10.838333333333333,7916,0.2302930773117736,52592,0.2944364161849711
u14,1365121751,1,2,8.835,13.294722222222223,12.05861111111111,4,24,11.111944444444445,7874,0.119761239522479,53239,0.4199928623753263
u14,1365386571,1,2,9.910833333333333,14.723055555555556,15.088888888888889,7,35,9.483055555555556,7999,0.0976372046505813,48846,0.2895016992179502
u14,1365976816,1,2,7.9127777777777775,15.155277777777778,14.858055555555556,4,34,9.202777777777778,8058,0.1093323405311491,48307,0.2987765748235245
u14,1365495556,1,2,3.1944444444444446,9.580277777777777,14.588888888888889,5,28,5.371944444444445,8182,0.0867758494255683,37369,0.3539297278492868
u14,1365482405,1,2,2.5791666666666666,6.017777777777778,11.4225,5,28,5.248611111111111,8181,0.0867864564234201,36999,0.3463066569366739
u14,1366088072,1,2,7.743055555555555,13.915833333333333,18.109166666666667,5,33,8.661111111111111,8003,0.1078345620392352,46458,0.3594429377071764
u14,1365631314,1,2,6.330555555555556,9.784722222222221,16.69972222222222,5,36,14.724166666666667,8011,0.1511671451753838,63643,0.4374400955328944
u14,1365720468,1,2,9.9925,16.525555555555556,14.855833333333333,4,24,8.570277777777777,8127,0.0706287683031869,46412,0.4461777126605188
u14,1365804005,1,2,7.280277777777778,14.0375,7.501666666666667,3,36,7.1194444444444445,8206,0.0405800633682671,42143,0.380063118430107
u14,1365890492,1,2,0.0,0.0,0.0,0,15,0.8283333333333334,3156,0.2905576679340937,22115,0.3395432964051548
u14,1366173086,1,2,9.605277777777777,14.573333333333334,13.891388888888889,4,27,6.879166666666666,8016,0.1196357285429141,45207,0.3745658858141438
u14,1366059293,1,2,9.3825,13.987222222222222,18.105,5,36,5.735555555555556,8214,0.0577063550036523,38215,0.3441580531205024
u14,1366214234,1,2,8.06,10.203611111111112,10.034722222222221,2,29,8.581666666666667,8040,0.1009950248756219,49809,0.4198237266357486
u14,1366258529,1,2,7.006944444444445,10.918333333333333,14.43388888888889,4,8,5.325277777777778,8069,0.0685338951542942,37074,0.2953012893132654
u14,1366452515,1,2,8.054722222222223,9.550833333333333,16.610833333333332,3,31,10.644166666666667,7934,0.2310310057978321,52320,0.3336009174311926
u14,1366999217,1,2,3.206111111111111,7.959722222222222,11.111944444444445,5,15,3.5830555555555557,7712,0.0893412863070539,32583,0.1930147622993585
u14,1367296515,1,2,4.0055555555555555,5.195277777777778,8.071111111111112,3,59,10.996666666666666,7935,0.0531821045998739,52985,0.4387279418703406
u14,1367199496,1,2,5.085833333333333,13.046111111111111,21.158333333333335,4,45,9.41388888888889,7384,0.0845070422535211,48823,0.3307662372242591
u14,1367218317,1,2,4.6075,9.085,17.161944444444444,4,45,10.391666666666667,7372,0.0467986977753662,51635,0.3639972886607921
u14,1367265612,1,3,4.0055555555555555,4.7122222222222225,9.402222222222223,3,56,12.916666666666666,7945,0.0400251730648206,58451,0.4541924004721904
u14,1367284586,1,3,4.0055555555555555,4.0055555555555555,8.214722222222223,3,60,13.108055555555556,7908,0.0536165907941325,58967,0.4613936608611596
u14,1368036155,1,3,8.159722222222221,9.375277777777777,12.020833333333334,4,26,6.8025,7332,0.0731042007637752,39976,0.2791925155093055
u14,1368028994,1,3,8.159722222222221,9.375277777777777,10.323888888888888,3,34,7.53,7293,0.0730837789661319,41936,0.309304654711942
u14,1368078068,1,3,6.359444444444445,11.716111111111111,17.649166666666666,5,40,6.616666666666666,8249,0.0368529518729542,41207,0.2660955662872812
u14,1369026208,1,3,0.0,0.0,3.965,1,29,2.113888888888889,3333,0.0066006600660066,15003,0.2755448910217956
u15,1364970819,1,3,1.9211111111111112,1.9211111111111112,1.9380555555555556,0,10,2.7622222222222224,3585,0.00836820083682,17648,0.2861514052583862
u15,1364623308,0,4,6.846111111111111,15.441944444444445,18.284444444444443,5,37,8.540555555555555,8035,0.0457996266334785,46377,0.383746253530845
u16,1364772360,0,4,2.4230555555555555,8.02,9.914444444444445,5,34,4.607777777777778,8118,0.0436067997043606,35307,0.2412835981533407
u16,1364949540,1,2,1.5494444444444444,4.242222222222222,5.637222222222222,3,39,5.476111111111111,8034,0.0278815036096589,37661,0.2443641963835267
u16,1365005643,0,4,1.9844444444444445,5.9775,6.053055555555556,4,39,6.756666666666667,8057,0.0600719870919697,41216,0.312305900621118
u16,1365462160,1,3,6.9366666666666665,17.745,14.876111111111111,5,29,5.715277777777778,8121,0.0634158354882403,38572,0.3449393342320854
u16,1365125623,0,4,1.8116666666666668,3.0725,4.097777777777778,3,36,5.655833333333334,8186,0.0482531150745174,38369,0.3102243999061742
u16,1365210799,0,4,2.0077777777777777,5.034166666666667,6.688055555555556,4,26,5.801666666666667,5243,0.1153919511729925,30970,0.3407168227316758
u16,1365379456,1,2,2.698611111111111,4.1075,3.7047222222222222,2,36,6.616944444444444,8149,0.0362007608295496,41151,0.2946951471410172
u16,1365393124,1,2,6.495277777777778,6.495277777777778,7.501388888888889,2,36,4.966111111111111,8188,0.0284562774792379,36561,0.2436749541861546
u16,1365455951,1,2,6.991388888888889,18.001666666666665,16.549722222222222,5,30,6.365,8130,0.0584255842558425,40403,0.3480929633938074
u16,1365649113,1,3,1.355,3.8994444444444443,17.320555555555554,6,37,7.124444444444444,8057,0.0567208638451036,42555,0.3534719774409587
u16,1365569335,1,2,1.7877777777777777,4.151111111111111,9.232777777777779,3,40,4.1369444444444445,4188,0.1131805157593123,24062,0.3344277283683817
u16,1365624024,1,3,1.7877777777777777,2.988611111111111,16.840555555555557,5,41,6.009444444444444,7940,0.0618387909319899,39416,0.3174345443474731
u16,1365633446,1,3,1.2008333333333334,2.1952777777777777,17.215555555555557,5,36,5.426388888888889,8070,0.0394052044609665,37771,0.3117471075692992
u16,1365810420,0,4,6.845555555555555,22.484444444444446,18.914166666666667,7,18,3.0425,8123,0.0529361073495014,31124,0.1851947050507646
u16,1366007895,1,3,6.179722222222222,11.363611111111112,13.735555555555555,5,45,4.6866666666666665,8141,0.0152315440363591,35529,0.2481071800500999
u16,1365900027,1,3,2.5669444444444443,5.398611111111111,5.317777777777778,2,32,2.9830555555555556,8205,0.0152346130408287,30881,0.1658948868236132
u16,1365970774,1,2,1.8847222222222222,5.668055555555555,10.883888888888889,3,56,4.651944444444444,8066,0.0290106620381849,35326,0.2455981430108135
u16,1366317809,1,2,2.3513888888888888,5.020277777777777,17.947222222222223,8,46,6.198333333333333,8137,0.0452255130883618,39775,0.2880703959773727
u16,1366275377,1,2,2.3513888888888888,3.3672222222222223,15.841111111111111,8,35,6.6875,8114,0.0584175499137293,41311,0.3369320519958365
u16,1366352255,1,2,3.501388888888889,10.775,18.05472222222222,5,41,10.418333333333333,8127,0.1471637750707518,51589,0.4114830680959119
u16,1366387570,1,2,7.398888888888889,19.274722222222223,17.203055555555554,6,23,10.373611111111112,8072,0.1656342913776015,51389,0.4585027924263947
u16,1366399805,1,3,7.398888888888889,17.6075,16.198333333333334,5,30,10.16,8076,0.1534175334323922,50939,0.4461022006713913
u16,1366438385,1,2,6.102777777777778,15.200277777777778,15.993611111111111,4,57,7.132777777777778,8082,0.0471417965850037,42746,0.3091985214990876
u16,1366576653,1,3,1.426111111111111,2.6886111111111113,18.901666666666667,5,23,1.1775,8268,0.0134252539912917,25725,0.0918950437317784
u16,1366596598,1,3,1.2625,1.2625,17.073333333333334,6,24,2.120833333333333,8200,0.0332926829268292,28364,0.1472288816810041
u16,1366596604,1,3,1.2625,1.2625,17.073333333333334,6,24,2.120833333333333,8200,0.0332926829268292,28370,0.1472682410997532
u16,1366575490,1,3,1.426111111111111,2.6886111111111113,18.765555555555554,5,25,1.3566666666666667,8265,0.0134301270417422,26248,0.1016077415422127
u16,1367294457,1,3,6.0680555555555555,6.92,6.559166666666667,1,6,1.3780555555555556,7789,0.0594428039542945,26268,0.1128369118318867
u16,1366956866,1,3,3.484722222222222,6.355833333333333,5.073888888888889,2,32,1.4613888888888888,3461,0.0095348165270153,13750,0.1933090909090909
u16,1366999337,1,3,9.942777777777778,12.813888888888888,13.151388888888889,4,84,5.000555555555556,6799,0.0235328724812472,32803,0.2855836356430814
u16,1367173411,1,3,0.0,0.0,5.109166666666667,4,39,5.489722222222222,8144,0.0095776031434184,37957,0.2690149379561082
u16,1367195441,1,3,2.3738888888888887,2.3738888888888887,3.4058333333333333,3,34,3.9305555555555554,8192,0.0135498046875,33516,0.1989795918367347
u16,1367179535,1,3,0.0,0.0,5.0275,5,35,5.0225,8147,0.0099423100527801,36664,0.2551003709360681
u16,1367208805,1,3,2.3738888888888887,5.664444444444444,2.2758333333333334,2,29,3.9925,8177,0.0229913171089641,33842,0.1947284439453933
u16,1367268386,1,3,6.0680555555555555,12.27,7.676388888888889,2,20,3.473611111111111,8015,0.0530255770430442,32204,0.1964041733946093
u16,1367341969,0,4,9.341388888888888,9.341388888888888,11.540555555555555,2,0,0.0,7911,0.0341296928327645,22411,0.000580072285931
u16,1367280016,1,3,6.0680555555555555,10.328888888888889,6.685555555555555,2,15,2.5997222222222223,7958,0.0481276702689117,29776,0.176685921547555
u16,1367563972,1,3,0.0,0.0,10.277222222222223,3,39,6.3625,6950,0.0483453237410071,37065,0.3246728719816538
u16,1367860673,1,3,7.955,14.963055555555556,16.39361111111111,4,27,4.546666666666667,8209,0.0210744305031063,35246,0.2127333598138795
u16,1368077786,1,2,6.684444444444445,10.442222222222222,7.179166666666666,4,34,6.212777777777778,8140,0.0513513513513513,39953,0.2952218857157159
u16,1367712962,1,2,1.3677777777777778,1.3677777777777778,9.858611111111111,3,44,6.221111111111111,8255,0.0035130224106602,40961,0.3287273259930177
u16,1367773802,1,2,0.885,0.885,9.830277777777777,3,39,7.348333333333334,8303,0.0077080573286763,44085,0.3524554837246229
u16,1367817929,1,3,4.704444444444444,5.171944444444445,8.661388888888888,4,30,4.972777777777778,8210,0.0110840438489646,36419,0.2114830171064554
u16,1367818003,1,3,4.704444444444444,5.1925,8.681944444444444,4,30,4.972777777777778,8212,0.0110813443740867,36417,0.2114946316280858
u16,1368061832,1,3,8.258333333333333,12.273888888888889,7.4975,4,40,6.838333333333333,8157,0.0454824077479465,41660,0.2957273163706193
u16,1368250107,0,4,4.517222222222222,5.776666666666666,9.813888888888888,4,21,9.686944444444444,7970,0.1072772898368883,49435,0.3648427227672701
u16,1368583737,1,2,1.1227777777777779,1.1227777777777779,3.7402777777777776,2,16,2.075833333333333,8195,0.008907870652837,28219,0.1502179382685424
u16,1367950702,1,2,3.799722222222222,7.829166666666667,15.873333333333333,5,20,4.13,7796,0.0479733196511031,33636,0.3018789392317755
u16,1368499504,1,2,7.610555555555556,9.734166666666667,11.007777777777777,4,20,1.4083333333333334,8134,0.0309810671256454,26387,0.1011861901694016
u16,1367943136,1,2,3.799722222222222,8.659444444444444,16.426388888888887,4,17,3.8358333333333334,7872,0.0348069105691056,32887,0.2959832152522273
u16,1368207260,1,3,1.966388888888889,3.0969444444444445,7.062777777777778,3,38,4.775833333333333,8085,0.085343228200371,35657,0.2442718119864262
u16,1368576619,1,2,1.0033333333333334,1.6666666666666667,4.3244444444444445,3,27,2.6577777777777776,8236,0.0046138902379796,29822,0.1755080142176916
u16,1368650275,0,4,1.6925,5.094166666666666,15.31,4,25,3.5775,8079,0.0412179725213516,32514,0.261056775542843
u16,1368674414,1,2,3.5919444444444446,6.343333333333334,19.67361111111111,6,39,4.491944444444444,8054,0.0610876583064315,35163,0.2794414583511077
u16,1367899212,1,3,7.955,18.10333333333333,18.3675,4,19,4.277777777777778,8034,0.0388349514563106,34159,0.3071225738458386
u16,1368561564,1,2,2.5355555555555553,4.659166666666667,7.953611111111111,3,29,2.776111111111111,8199,0.0130503719965849,30161,0.1743310898179768
u16,1368818734,0,4,1.7877777777777777,1.7877777777777777,8.77138888888889,3,27,4.651388888888889,5789,0.022801865607186,28704,0.3354933110367893
u16,1368994784,0,4,4.821944444444444,5.2122222222222225,6.553055555555556,3,0,0.0,7408,0.0141738660907127,20096,0.0
u16,1369104402,1,2,7.635277777777778,13.6,16.97138888888889,5,0,0.0,8146,0.0379327277191259,22454,0.0001781419791573
u16,1369019963,1,3,0.6091666666666666,0.6091666666666666,0.5427777777777778,0,1,0.065,6331,0.0265360922445111,17476,0.0088120851453421
u16,1369019988,0,4,0.6161111111111112,0.6161111111111112,0.5497222222222222,0,1,0.065,6331,0.0265360922445111,17476,0.0088120851453421
u16,1369111249,1,3,5.733333333333333,11.698055555555555,15.071388888888889,5,0,0.0,8140,0.038083538083538,22447,0.0001781975319641
u16,1369282738,1,3,6.0744444444444445,7.9125,14.134722222222223,4,33,6.1033333333333335,8044,0.0594231725509696,39673,0.2985909812718977
u16,1369368560,1,2,6.796388888888889,16.753055555555555,19.371388888888887,6,26,5.817222222222222,8168,0.0347698334965719,38905,0.3206014651073127
u16,1369349334,1,2,6.796388888888889,13.651666666666667,17.75583333333333,4,26,5.354722222222223,8112,0.0336538461538461,37480,0.30482924226254
u16,1369719704,1,3,3.301111111111111,5.441111111111111,18.38138888888889,4,0,0.0,8101,0.0402419454388347,22448,0.0001336421952957
u16,1369729103,1,3,3.301111111111111,5.441111111111111,18.38138888888889,4,0,0.0,8107,0.0402121623288516,22468,0.0001335232330425
u17,1364684780,1,2,8.869722222222222,19.75722222222222,19.976388888888888,5,29,3.6180555555555554,8193,0.01257170755523,32686,0.2800587407452732
u17,1366190098,1,2,6.336388888888889,21.726944444444445,20.19472222222222,4,37,4.2411111111111115,8233,0.0506498238795092,34441,0.2598937313086147
u17,1366099385,1,3,4.638055555555556,9.96,12.098611111111111,3,21,4.767777777777778,7930,0.048045397225725,35935,0.3356616112425212
u17,1365724416,1,3,8.562777777777777,22.203055555555554,16.759444444444444,4,29,4.082222222222223,8188,0.0460429897410845,33829,0.2666055750982884
u17,1365978836,1,3,5.605555555555555,19.395555555555557,18.057222222222222,5,18,2.1147222222222224,8303,0.0140912923039865,28288,0.178662330316742
u17,1366060052,1,3,4.638055555555556,11.555555555555555,14.23638888888889,4,31,7.506111111111111,8070,0.0811648079306072,43504,0.4083302684810592
u17,1366263875,1,3,10.543333333333333,20.954444444444444,9.839166666666667,2,22,4.541111111111111,8199,0.0280522014879863,35172,0.3077447969976117
u17,1366272014,1,3,10.543333333333333,20.80027777777778,10.0875,2,21,4.513333333333334,8202,0.0280419409900024,35109,0.3060468825657239
u17,1366339011,1,3,7.8886111111111115,12.118611111111111,14.636111111111111,6,25,5.645555555555555,7961,0.0560231126742871,38268,0.3441256402215951
u17,1366487226,1,2,5.660277777777778,8.848055555555556,7.395,3,21,3.501388888888889,4981,0.0431640232884962,23931,0.3337094145668798
u17,1366437372,1,2,5.660277777777778,13.550833333333333,11.840555555555556,3,19,5.366388888888889,8014,0.0460444222610431,37365,0.3855747357152415
u17,1366539365,1,3,0.0,0.0,2.3516666666666666,2,24,3.08,6371,0.0130277821378119,25924,0.2571362444067273
u17,1366534700,1,3,0.0,0.0,2.3516666666666666,2,24,3.08,5910,0.0140439932318104,24734,0.2694671302660306
u17,1366582236,1,3,0.0,0.0,3.8430555555555554,2,29,4.605555555555555,8277,0.0041077685151624,35283,0.2756284896409035
u17,1367294710,1,3,6.133055555555556,19.49277777777778,21.72388888888889,6,20,3.5555555555555554,8113,0.0261309010230494,32219,0.2674508830193364
u17,1366708907,1,3,1.3505555555555555,5.921666666666667,12.949444444444444,6,20,3.885,8026,0.029778220782457,33176,0.2721545695683626
u17,1367000810,1,3,8.151944444444444,13.79861111111111,16.8175,7,23,5.787222222222222,7926,0.0451678021700731,38564,0.371097396535629
u17,1367210055,1,3,3.497777777777778,4.746388888888889,12.029722222222222,2,22,2.1230555555555557,8310,0.0,28453,0.1769584929532913
u17,1367472367,1,3,4.247222222222222,13.135,17.62472222222222,5,20,3.5813888888888887,8081,0.0473951243657963,32392,0.2848851568288466
u17,1367384525,1,3,4.478611111111111,12.068333333333333,11.302777777777777,4,31,2.417222222222222,8127,0.0214101144333702,29131,0.190621674504823
u17,1367900979,1,3,8.0325,20.54388888888889,20.381944444444443,6,17,4.176111111111111,7978,0.0600401103033341,34119,0.2975468214191506
u17,1367949671,1,3,8.653611111111111,20.46472222222222,20.031666666666666,6,23,3.931111111111111,8054,0.0450707722870623,33458,0.2418255723593759
u17,1368784381,1,3,4.0125,4.0125,9.931944444444444,1,14,1.7369444444444444,8329,0.0,27247,0.164385069915954
u17,1367985665,1,3,8.653611111111111,15.040277777777778,14.181111111111111,5,36,4.523611111111111,7860,0.0549618320610687,34958,0.2877166885977458
u17,1368260008,1,3,1.86,1.86,4.029444444444445,0,0,0.0,1395,0.0,3814,0.0165180912427897
u17,1367687909,1,3,8.922777777777778,18.739166666666666,12.939166666666667,1,20,2.7080555555555557,8288,0.006515444015444,29962,0.2194780054735998
u17,1367914044,1,3,6.053888888888889,20.735277777777778,20.076944444444443,5,19,4.396388888888889,7996,0.0597798899449724,34709,0.301333947967386
u17,1368079027,1,3,3.8022222222222224,6.532222222222222,5.950277777777778,3,25,5.396111111111111,8046,0.0416355953268704,37619,0.3791701002153167
u17,1368030631,1,3,3.8022222222222224,11.386388888888888,9.928055555555556,6,33,5.723333333333334,7799,0.0583408129247339,38523,0.3786828647820782
u17,1368582565,1,3,8.170833333333333,11.692222222222222,6.966944444444445,3,26,3.2969444444444442,7937,0.0269623283356431,31619,0.2077864575097251
u17,1368845958,1,3,7.974444444444444,14.303611111111111,20.89638888888889,3,30,5.519444444444445,8231,0.0386344308103511,37748,0.3210236303910141
u17,1368957026,1,3,2.6977777777777776,5.26,0.0,0,18,0.9630555555555556,8326,0.0,25120,0.0814888535031847
u17,1369040256,1,3,1.1125,2.2144444444444447,3.102777777777778,0,5,0.1625,8326,0.0,22931,0.0415594609916706
u17,1369130694,1,3,5.2619444444444445,15.450833333333334,21.92388888888889,4,21,5.780277777777778,8122,0.0442009357301157,38625,0.3141747572815534
u17,1369250115,1,3,3.4383333333333335,6.734166666666667,11.950277777777778,4,17,4.161666666666667,7980,0.018922305764411,34204,0.273506022687405
u17,1369397225,1,3,4.7283333333333335,9.773888888888889,14.135555555555555,4,35,6.224444444444444,5458,0.0934408208134847,32687,0.376082234527488
u17,1369759414,1,3,7.616388888888889,9.780833333333334,4.022222222222222,0,36,6.017777777777778,8266,0.0274618920880716,39272,0.3685832145039723
u17,1369525523,1,3,8.967222222222222,20.084444444444443,4.273333333333333,1,17,2.3858333333333333,8023,0.0100959740745357,28525,0.204136722173532
u17,1369527989,1,3,8.967222222222222,19.399722222222223,4.445833333333334,2,18,2.5708333333333333,7977,0.0184279804437758,29072,0.215637039075399
u17,1369975037,1,3,0.0,0.0,9.403611111111111,1,13,3.004722222222222,8375,0.0,30774,0.216871384935335
u17,1370101079,1,3,0.0,0.0,0.0,0,6,0.3333333333333333,1791,0.0016750418760469,12460,0.0543338683788122
u18,1364402047,0,4,9.777222222222223,9.777222222222223,0.0,0,6,3.2127777777777777,4214,0.0415282392026578,20821,0.3515681283319725
u18,1364681460,0,4,7.5136111111111115,14.568333333333333,18.073611111111113,6,30,4.0575,8120,0.0176108374384236,33959,0.2301010041520657
u18,1366057545,1,3,7.2844444444444445,15.225277777777778,18.845555555555556,8,0,0.0,8103,0.0445514007157842,22484,0.0
u18,1367001157,1,3,2.0252777777777777,6.1225,13.46,5,69,12.284444444444444,7898,0.0401367434793618,56645,0.5348927531114838
u18,1367294412,1,3,7.475833333333333,7.475833333333333,12.679166666666667,3,0,0.0,7919,0.0400303068569263,22489,0.0
u18,1367280542,1,3,11.328611111111112,11.328611111111112,12.679166666666667,3,0,0.0,8054,0.0404767817233672,22497,0.0
u19,1364423003,0,4,9.022777777777778,10.05861111111111,10.257222222222222,2,15,2.9166666666666665,6253,0.0311850311850311,25438,0.2383835207170375
u19,1364670653,1,2,0.0,0.0,5.176666666666667,2,33,5.801944444444445,4399,0.0600136394635144,29199,0.4210418165005651
u19,1364969525,1,2,7.490555555555556,13.077222222222222,10.410277777777777,3,47,6.798055555555556,7832,0.0624361593462717,68257,0.2337049679886312
u19,1365063248,1,2,4.305,12.174722222222222,11.32611111111111,2,38,7.48,7937,0.0535466801058334,43459,0.392093697507996
u19,1365409930,1,2,5.455277777777778,14.014444444444445,12.500555555555556,3,37,5.051666666666667,8210,0.0336175395858708,36580,0.3101694915254237
u19,1365143596,1,2,7.394722222222223,10.901944444444444,11.783055555555556,4,30,8.240555555555556,8124,0.0454209748892171,45538,0.4324080987307304
u19,1365229959,1,2,6.296388888888889,14.867777777777778,12.84361111111111,4,18,5.455,8082,0.0390992328631526,37706,0.3141940274757333
u19,1365327400,1,3,4.7908333333333335,6.065,5.252777777777778,1,40,6.303333333333334,8062,0.0276606301165963,40269,0.2934515384042315
u19,1365452322,1,2,8.53138888888889,14.4175,14.212777777777777,3,28,6.763055555555556,8179,0.0282430614989607,41482,0.3544669977339569
u19,1365545467,1,2,9.587777777777777,12.591388888888888,11.1875,4,27,6.071666666666666,8004,0.0717141429285357,39192,0.3721422739334558
u19,1365718993,1,2,8.658888888888889,16.58,15.325277777777778,6,38,6.4063888888888885,8139,0.0441086128517016,40333,0.3719534872189026
u19,1365632355,1,2,8.55,11.055555555555555,10.280555555555555,1,51,7.476944444444444,7899,0.0621597670591214,43610,0.3385232744783306
u19,1365670917,1,2,4.1594444444444445,15.430277777777778,12.97,3,37,7.280277777777778,8006,0.0517112165875593,42772,0.3749649303282521
u19,1366185862,1,2,5.171111111111111,12.19,13.203333333333333,4,31,5.574722222222222,8171,0.0569085791212825,38204,0.3150455449691132
u19,1365891207,1,2,2.9291666666666667,4.443888888888889,8.631666666666666,5,31,10.97888888888889,7298,0.040833104960263,51164,0.5212844969118912
u19,1366102476,1,2,3.540277777777778,10.532222222222222,15.480833333333333,5,16,2.8216666666666668,8095,0.0119827053736874,30341,0.2065851488085429
u19,1365913010,1,2,2.9291666666666667,6.541111111111111,5.031944444444444,3,38,10.404444444444444,7266,0.0357830993669143,49511,0.5117448647775242
u19,1366056091,1,2,7.993333333333333,11.676388888888889,13.719722222222222,4,30,6.746388888888889,7998,0.0408852213053263,41325,0.3292679975801573
u19,1366088812,1,2,7.335833333333333,10.875277777777777,15.821666666666667,5,16,2.8216666666666668,8105,0.0119679210363972,30363,0.2057108981325956
u19,1366178223,1,2,7.293055555555555,12.19,13.203333333333333,4,31,5.574722222222222,8171,0.0569085791212825,38236,0.3142065069567946
u19,1366276546,1,2,3.3380555555555556,11.899444444444445,11.456666666666667,4,33,9.040555555555555,7572,0.0764659270998415,47695,0.4355802495020442
u19,1366257627,1,2,7.6825,13.078333333333333,12.319722222222222,3,27,8.553333333333333,7794,0.0732614831921991,46330,0.4259011439671918
u19,1366532005,1,2,8.811111111111112,8.811111111111112,5.999722222222222,1,2,0.07833333333333334,8286,0.0022930243784697,22623,0.0148079388233213
u19,1367222068,1,3,5.780555555555556,12.180277777777778,10.486944444444445,3,0,0.0,8168,0.0171400587659157,22416,0.0002230549607423
u19,1366913734,1,2,7.691111111111111,15.042222222222222,13.545833333333333,3,28,5.426388888888889,8028,0.0520677628300946,37627,0.3651367369176389
u19,1367193779,1,2,8.738888888888889,13.370277777777778,11.579444444444444,3,21,1.2036111111111112,8197,0.0102476515798462,25770,0.0774544043461389
u19,1367265601,1,3,7.7425,10.602777777777778,7.946666666666666,2,0,0.0,7996,0.0477738869434717,22430,0.000222915737851
u19,1367400483,1,2,5.469444444444444,15.453611111111112,18.298055555555557,6,0,0.0,8276,0.0229579507008216,22499,0.0001333392595226
u19,1367477657,1,2,6.074722222222222,17.286944444444444,20.166944444444443,7,21,4.512222222222222,7907,0.0263058049829265,35090,0.3104873183243089
u19,1368136991,1,2,7.618888888888889,15.311111111111112,15.778888888888888,6,0,0.0,8022,0.0345300423834455,22479,0.0002669157880688
u19,1367900324,1,3,7.826944444444444,7.826944444444444,11.8925,4,21,2.479722222222222,8151,0.0287081339712918,29465,0.1657899202443577
u19,1367988662,1,2,6.25,8.167777777777777,12.280833333333334,7,46,5.333333333333333,8205,0.0280316879951249,37431,0.3297801287702706
u19,1368000008,1,3,3.7094444444444443,8.778888888888888,12.688611111111111,7,46,5.333333333333333,8217,0.0279907508823171,37449,0.328580202408609
u19,1368689395,1,3,5.005833333333333,12.091666666666667,11.631388888888889,5,34,8.288055555555555,8020,0.0663341645885286,45443,0.3841735800893427
u19,1367953801,1,3,6.25,7.790277777777778,12.636111111111111,7,25,3.4494444444444445,8243,0.0206235593837195,32115,0.2821111630079402
u19,1368072999,1,2,8.591666666666667,18.49,17.094166666666666,8,1,0.03972222222222222,8026,0.0553202093197109,22592,0.0024344900849858
u19,1368645260,0,4,8.211388888888889,8.586388888888889,11.666666666666666,5,36,5.171388888888889,8091,0.0493140526510938,36720,0.3029684095860566
u19,1368476839,1,2,7.583055555555555,9.607222222222223,12.127777777777778,6,33,2.936111111111111,8287,0.0126704476891516,30713,0.1979943346465666
u19,1368756460,1,3,5.916111111111111,8.94361111111111,8.971111111111112,3,6,0.5869444444444445,8072,0.0496778989098116,24050,0.0461122661122661
u19,1368349577,0,4,4.408333333333333,14.785,11.713055555555556,3,20,3.9430555555555555,8207,0.0285122456439624,33570,0.256002383080131
u19,1368775546,1,3,3.051388888888889,8.019444444444444,8.29861111111111,3,0,0.0,8118,0.0493964030549396,22485,0.000133422281521
u19,1368991504,0,4,9.308055555555555,15.270277777777778,14.393888888888888,5,0,0.0,7897,0.0519184500443206,22447,0.0
u19,1368849481,1,3,5.629166666666666,10.613055555555556,9.840277777777779,3,0,0.0,7960,0.0383165829145728,22423,0.0001337911965392
u19,1369038380,0,4,6.546944444444445,10.079722222222221,12.595277777777778,4,11,0.8822222222222222,8033,0.0292543259056392,24807,0.082960454710364
u19,1369250393,0,4,8.733333333333333,10.780277777777778,9.74638888888889,2,40,5.531944444444444,8114,0.0324131131377865,37836,0.286922507664658
u19,1369210255,0,4,5.810277777777777,11.261944444444444,10.883611111111112,3,36,6.467222222222222,8030,0.0525529265255292,40525,0.3452930289944478
u19,1369295029,1,2,5.2555555555555555,12.668055555555556,11.428611111111111,3,32,5.191111111111111,8230,0.0109356014580801,36890,0.2911358091623746
u19,1369336933,1,3,9.448333333333334,13.046666666666667,13.065277777777778,4,30,7.011388888888889,8172,0.0230053842388644,41768,0.3900833173721509
u19,1369425852,0,4,8.156944444444445,12.856666666666667,14.568888888888889,5,24,5.913888888888889,8040,0.0415422885572139,38665,0.2547782231992758
u19,1369470205,1,3,4.299166666666666,13.97861111111111,15.571666666666667,5,17,5.688888888888889,8211,0.0205821459018389,38446,0.3239868907038443
u19,1369984360,0,5,4.783333333333333,4.783333333333333,9.023055555555555,4,25,1.2319444444444445,7069,0.0018390154194369,25597,0.1164980271125522
u19,1369561989,1,2,3.9869444444444446,10.354444444444445,10.975,4,47,5.098611111111111,8201,0.0209730520668211,36539,0.2707791674649005
u19,1369852305,0,4,1.7416666666666667,1.8147222222222221,6.961111111111111,4,78,13.018888888888888,8052,0.0425981122702434,58085,0.426323491434966
u19,1370070401,0,4,1.4280555555555556,1.4280555555555556,9.547222222222222,4,30,5.738333333333333,7034,0.0533124822291725,35581,0.3042354065371968
u20,1364425348,0,4,2.7344444444444442,3.8091666666666666,3.7525,3,6,2.4383333333333335,1924,0.1772349272349272,12216,0.4302554027504912
u20,1364425348,0,4,2.7344444444444442,3.8091666666666666,3.7525,3,6,2.4383333333333335,1924,0.1772349272349272,12216,0.4302554027504912
u20,1365722833,1,2,2.3133333333333335,9.293888888888889,6.974444444444444,3,25,4.147222222222222,8233,0.0157901129600388,34218,0.306914489449997
u22,1364697652,1,3,3.9627777777777777,10.771944444444445,8.825555555555555,3,25,4.986944444444444,8160,0.0476715686274509,36333,0.2771585060413398
u22,1364455212,0,5,6.558055555555556,17.231666666666666,19.37638888888889,7,27,7.387777777777778,8169,0.0433345574733749,43225,0.330294968189705
u22,1364440000,0,4,8.8425,16.759444444444444,19.435,6,21,5.694444444444445,7902,0.043786383194128,37673,0.2928888063069041
u22,1364464835,0,5,6.558055555555556,17.231666666666666,19.37638888888889,7,27,7.387777777777778,8170,0.043329253365973,43234,0.3301799509645187
u22,1364579312,0,4,8.390555555555556,19.703611111111112,20.447777777777777,7,44,8.001944444444444,8105,0.0739049969154842,44886,0.3381900815399011
u22,1364602889,1,2,8.390555555555556,19.690277777777776,21.60527777777778,6,39,7.011111111111111,8187,0.0488579455233907,42104,0.3250760022800684
u22,1364618484,1,3,6.668333333333333,15.674166666666666,17.64027777777778,5,36,6.939166666666667,8167,0.0542426839720827,41916,0.2991936253459299
u22,1364761986,0,4,7.146111111111111,8.401944444444444,19.035833333333333,4,19,2.835,8060,0.0568238213399503,30386,0.1852497860856973
u22,1364973413,0,4,3.2291666666666665,12.4625,8.15,3,26,4.0569444444444445,8030,0.0754669987546699,33732,0.2023301316257559
u22,1364947283,0,4,3.2291666666666665,6.925277777777778,5.445,3,21,3.792222222222222,7998,0.0728932233058264,32966,0.1985378875204756
u22,1365107108,0,4,6.846388888888889,9.51388888888889,2.2169444444444446,2,31,4.581388888888889,8010,0.0681647940074906,35606,0.2649553446048419
u22,1365442705,0,5,9.352777777777778,18.32777777777778,15.628333333333334,5,5,0.24055555555555555,7385,0.0748815165876777,21484,0.0269502885868553
u22,1365316173,0,5,4.297777777777778,7.694444444444445,14.543611111111112,3,27,6.177222222222222,7945,0.0605412208936438,39574,0.3188962450093496
u22,1365386686,0,4,2.5122222222222224,4.510555555555555,4.004444444444444,2,9,3.036111111111111,5998,0.1000333444481493,25586,0.2905104353943563
u22,1365496080,0,4,5.130833333333333,17.6925,12.281944444444445,3,0,0.0,8130,0.0362853628536285,22382,0.0
u22,1365546071,0,4,9.530833333333334,16.404722222222222,6.894444444444445,2,0,0.0,7957,0.0600728917933894,22363,0.0001341501587443
u22,1365618325,0,4,8.31611111111111,11.3525,13.340277777777779,3,0,0.0,7971,0.0821728766779576,22482,0.0001334400854016
u22,1365666855,0,4,5.593055555555556,19.66111111111111,14.213055555555556,6,0,0.0,8115,0.0484288354898336,22510,0.0
u22,1365721869,0,4,8.617222222222223,18.675833333333333,14.671388888888888,5,0,0.0,7966,0.0785839819231735,22460,0.0
u22,1365821043,0,4,3.6580555555555554,8.849444444444444,15.675555555555556,5,0,0.0,7998,0.0403850962740685,22390,0.0
u22,1365895434,1,2,2.459722222222222,6.541388888888889,16.593611111111112,5,0,0.0,8021,0.0741802767734696,22499,0.0
u22,1366339366,0,4,7.6175,19.15361111111111,20.363333333333333,6,22,4.970555555555555,8086,0.0845906505070492,36355,0.2602118003025718
u22,1366704076,0,4,4.0313888888888885,11.197222222222223,8.615833333333333,3,0,0.0,8141,0.0194079351431028,22443,0.0
u22,1367814856,0,4,6.628333333333333,8.928611111111111,8.099722222222223,2,17,2.8452777777777776,4065,0.092250922509225,19167,0.2637867167527521
u22,1367913446,0,4,6.066388888888889,6.066388888888889,15.174444444444445,3,5,0.3472222222222222,6805,0.0005878030859662,19408,0.0384377576257213
u22,1368336087,0,4,8.350277777777778,8.350277777777778,18.571944444444444,5,15,2.0008333333333335,7983,0.0091444319178253,27855,0.1631663974151858
u22,1367960047,0,4,3.8891666666666667,5.181666666666667,11.049444444444445,3,12,0.6827777777777778,8196,0.0257442654953635,24408,0.0528924942641756
u22,1369337043,0,4,3.3516666666666666,7.876111111111111,16.263055555555557,5,25,3.5211111111111113,9119,0.0541726066454655,32237,0.1798244253497533
u23,1364524351,1,2,8.257222222222222,15.944166666666666,10.794444444444444,4,33,5.554722222222222,7908,0.0441325240263024,38008,0.2763628709745316
u23,1364536845,1,2,7.487777777777778,16.62527777777778,10.81611111111111,4,32,5.535,7924,0.0425290257445734,37927,0.2754238405357661
u23,1364767206,0,4,7.775277777777778,17.079166666666666,11.19111111111111,4,13,0.49277777777777776,8222,0.0010946241790318,23612,0.0537015077079451
u23,1364684275,0,4,2.5502777777777776,5.8075,13.63,5,15,1.5969444444444445,8124,0.0008616445100935,26319,0.1303241004597439
u23,1364623453,0,4,6.460555555555556,14.481944444444444,11.943055555555556,4,21,3.276111111111111,7897,0.0401418260098771,31415,0.2047747891134808
u23,1364783977,0,4,7.775277777777778,17.079166666666666,8.35388888888889,2,12,0.3836111111111111,8203,0.0023162257710593,23502,0.0419538762658497
u23,1365240102,0,4,17.75861111111111,18.858888888888888,16.36916666666667,6,26,4.577222222222222,8205,0.0074344911639244,35133,0.2658469245438761
u23,1365308171,0,4,5.229166666666667,15.439166666666667,7.579444444444444,2,25,3.457222222222222,7864,0.0203458799593082,32037,0.2351343758778911
u24,1364806088,1,2,7.373888888888889,12.989166666666666,20.566666666666666,3,40,3.4730555555555553,8262,0.0122246429435971,32231,0.2184232571127175
u24,1364517556,1,2,1.2244444444444444,2.707222222222222,5.894444444444445,3,32,4.160555555555556,8051,0.0317972922618308,33996,0.2546770208259795
u24,1364539989,1,3,2.450277777777778,7.741388888888889,8.963611111111112,4,39,6.039166666666667,7926,0.0331819328791319,39228,0.2978229835831549
u24,1364548356,0,4,3.808611111111111,10.065555555555555,11.287777777777778,4,39,6.039166666666667,7926,0.0331819328791319,39227,0.2971677670991919
u24,1364727371,0,5,5.315277777777778,13.760555555555555,17.383055555555554,6,44,8.397777777777778,7692,0.1995579823192927,52898,0.3890884343453438
u24,1364636369,1,2,4.104722222222223,6.551666666666667,16.20888888888889,5,43,12.38888888888889,7889,0.0591963493471922,57261,0.4248092069646006
u24,1364712152,1,3,5.315277777777778,10.07638888888889,20.68861111111111,5,38,6.621388888888889,7960,0.1726130653266331,46045,0.3180367032251058
u24,1364866267,0,4,8.990277777777777,15.18,20.418055555555554,6,27,7.797777777777778,8161,0.047543193236123,44294,0.3974353185533029
u24,1365202714,0,4,1.3105555555555555,4.4725,22.34638888888889,6,42,8.446944444444444,8114,0.0407936899186591,46003,0.3948872899593504
u24,1365327609,1,2,7.331111111111111,13.541666666666666,0.0,0,52,7.770833333333333,8074,0.0496655932623235,44084,0.4080618818619
u24,1365480017,1,3,9.205833333333333,17.845555555555556,17.49277777777778,5,34,8.695277777777777,8098,0.0590269202272165,46833,0.4276258194008498
u24,1365754480,1,2,5.451944444444444,13.768888888888888,13.217222222222222,3,35,7.979166666666667,8093,0.0420116149759051,44663,0.4178402704699639
u24,1365536854,1,2,2.6469444444444443,7.471388888888889,6.259166666666666,4,36,7.616666666666666,8142,0.0273888479489069,43769,0.3964906669103703
u24,1365902000,1,2,3.1566666666666667,5.586666666666667,13.626944444444444,5,28,7.364166666666667,7867,0.0719461039786449,43155,0.3175298343181555
u24,1365930790,1,2,2.43,4.598611111111111,14.307222222222222,6,31,7.9816666666666665,7932,0.0436207766011094,44826,0.3349395440146344
u24,1365922956,1,3,2.43,4.598611111111111,14.307222222222222,6,32,8.094722222222222,7926,0.0436537976280595,45099,0.3365928291092929
u24,1366186305,1,2,4.102777777777778,8.139722222222222,9.690555555555555,4,34,6.861666666666666,8005,0.0281074328544659,41579,0.4160032708819356
u24,1366250469,1,2,7.578611111111111,10.043888888888889,9.887777777777778,4,24,7.855277777777777,7862,0.0457898753497837,44788,0.4255827453782263
u24,1367208005,1,2,0.0,0.0,0.0,0,0,0.0,0,,0,
u24,1368648039,1,2,0.0,0.0,0.0,0,0,0.0,0,,0,
u24,1368847941,1,3,0.0,0.0,0.0,0,0,0.0,0,,0,
u24,1369039879,1,2,0.0,0.0,0.0,0,0,0.0,0,,0,
u24,1369195600,1,2,0.0,0.0,0.0,0,0,0.0,0,,0,
u25,1364429445,0,4,2.0294444444444446,4.948611111111111,5.033055555555555,2,14,3.491388888888889,2352,0.0935374149659864,16439,0.433359693412008
u25,1364600754,0,4,3.066666666666667,7.0475,6.122222222222222,2,23,7.059444444444445,4108,0.0820350535540409,31808,0.4547912474849094
u25,1364667381,0,4,5.356944444444444,10.37,22.104166666666668,4,31,5.9094444444444445,8243,0.0138299162926119,39028,0.2984523931536333
u25,1364839000,1,2,2.8713888888888888,8.255833333333333,18.14361111111111,5,25,9.872777777777777,7207,0.0774247259608713,50646,0.3972475615053508
u25,1364975587,0,4,6.339722222222222,11.336944444444445,19.56388888888889,6,43,5.633333333333334,6487,0.084014182210575,34631,0.3203199445583436
u25,1365055231,0,4,3.4455555555555555,8.870277777777778,8.706388888888888,4,36,8.854722222222222,4590,0.1405228758169934,38706,0.4646824781687593
u25,1365212104,0,4,3.253888888888889,10.370555555555555,12.65,5,30,9.658611111111112,4386,0.1007751937984496,40318,0.5200654794384643
u25,1365230264,0,4,3.253888888888889,10.370555555555555,12.56,5,37,12.475,5576,0.1630200860832137,51678,0.5279809590154417
u25,1365452449,1,2,1.6475,4.038333333333333,6.641388888888889,3,43,4.233055555555556,2860,0.2657342657342657,23165,0.3035614072954888
u25,1365482771,0,4,2.006111111111111,7.663611111111111,9.459722222222222,4,37,7.844444444444444,4227,0.1757747811686775,35136,0.4893271857923497
u25,1365810897,1,3,3.2705555555555557,6.6819444444444445,6.725833333333333,3,28,4.985,3437,0.1169624672679662,24357,0.3717617112123825
u25,1366062639,1,3,2.7080555555555557,8.774444444444445,3.993888888888889,0,48,9.16611111111111,7955,0.0532998114393463,48019,0.3814739998750495
u25,1366088888,0,4,2.7080555555555557,7.707777777777777,7.1625,3,35,9.038055555555555,7920,0.0607323232323232,47767,0.4216509305587539
u27,1364503041,1,2,1.8280555555555555,4.1369444444444445,3.9583333333333335,2,18,5.858333333333333,2703,0.1354051054384017,24608,0.4603787386215864
u27,1364540375,1,3,1.9308333333333334,9.391111111111112,5.881111111111111,3,44,8.575,5005,0.0717282717282717,37841,0.4339473058322983
u27,1365447157,1,3,9.706666666666667,17.205,5.985277777777778,3,56,7.747222222222222,8267,0.025402201524132,43798,0.3572309237864742
u27,1365577579,1,3,3.053611111111111,5.123333333333333,3.0533333333333332,0,35,3.465,3700,0.0532432432432432,20184,0.2721462544589774
u27,1365985137,1,2,1.485,3.6266666666666665,3.2058333333333335,3,24,2.743333333333333,7931,0.0327827512293531,30159,0.1661195662986173
u27,1366185692,1,2,2.7041666666666666,4.223611111111111,12.738055555555556,3,19,1.9272222222222222,7930,0.0225725094577553,27787,0.1283333933134199
u27,1366317025,1,2,9.134166666666667,14.155555555555555,16.238888888888887,4,0,0.0,7025,0.0451245551601423,22447,0.0
u27,1366272008,1,3,4.842222222222222,14.751944444444444,14.598888888888888,4,13,3.636388888888889,7597,0.0475187574042385,32765,0.2321684724553639
u27,1366257614,1,3,7.523055555555556,13.569722222222222,11.816666666666666,4,20,3.944166666666667,8059,0.051371137858295,33578,0.2407528739055333
u27,1366918397,0,4,2.246111111111111,5.491666666666666,6.526944444444444,3,34,4.342222222222222,5531,0.0500813596094738,27569,0.3880808154086111
u27,1367193624,1,2,1.8819444444444444,6.210555555555556,0.0,0,34,1.705,8025,0.0225545171339563,27315,0.105692842760388
u27,1368036278,0,4,6.087777777777778,12.777222222222223,10.685277777777777,5,41,7.812777777777778,8083,0.0686626252628974,44342,0.3857742095530197
u30,1364527434,0,4,2.1794444444444445,2.7169444444444446,13.713333333333333,5,31,8.941666666666666,7811,0.1134297785174753,47392,0.3736917623227549
u30,1364584836,0,4,8.931944444444444,13.354444444444445,12.236944444444445,4,30,9.321666666666667,7928,0.1028002018163471,48533,0.364968165990151
u30,1364719666,0,4,3.9877777777777776,12.863333333333333,18.5075,7,49,8.6425,6714,0.0831099195710455,46749,0.3180602793642644
u30,1365015404,0,4,9.030277777777778,18.554444444444446,20.0325,6,46,10.556111111111111,8158,0.0730571218435891,51721,0.3933025270199725
u30,1365285715,0,4,9.780277777777778,13.492222222222223,19.532222222222224,5,27,10.512222222222222,5528,0.2112879884225759,49765,0.3757259117853913
u30,1365285721,0,5,9.780277777777778,13.490555555555556,19.530555555555555,5,27,10.510555555555555,5528,0.2112879884225759,49759,0.3756506360658373
u30,1365323032,1,2,7.231944444444444,15.133611111111112,16.228055555555557,4,20,4.755277777777778,4719,0.1201525746980292,30319,0.3291005640027705
u30,1365285718,0,5,9.780277777777778,13.491388888888888,19.531388888888888,5,27,10.511388888888888,5528,0.2112879884225759,49762,0.3756882761946867
u30,1365285717,0,4,9.780277777777778,13.491666666666667,19.531666666666666,5,27,10.511666666666667,5528,0.2112879884225759,49763,0.375700821895786
u30,1365998070,0,4,9.713888888888889,16.986944444444443,22.0275,6,17,8.315555555555555,6977,0.0835602694567865,45757,0.3259829097187315
u30,1365621859,0,5,1.8333333333333333,4.96,19.104444444444443,6,38,7.409166666666667,8006,0.0893080189857606,43091,0.3245225221043837
u30,1365566408,0,4,1.8572222222222223,3.6905555555555556,19.942777777777778,5,39,6.760277777777778,8020,0.0854114713216957,41218,0.3045028870881653
u30,1365717612,0,4,8.472222222222221,14.724722222222223,17.114166666666666,4,39,12.106388888888889,7538,0.0663305916688776,56338,0.4149597074798537
u30,1365896612,0,4,5.432777777777778,20.844722222222224,19.801944444444445,6,27,14.455833333333333,6258,0.1893576222435282,63024,0.3878522467631378
u30,1366099422,0,4,4.483333333333333,11.095555555555556,13.662777777777778,5,40,7.665555555555556,8163,0.071052309200049,43887,0.3362043429717228
u30,1366289684,1,3,3.9391666666666665,6.716666666666667,22.60333333333333,6,32,7.989166666666667,8086,0.0563937670046994,44855,0.3270315460929662
u30,1366336341,1,2,4.571666666666666,8.278333333333334,23.156944444444445,5,35,9.599166666666667,8126,0.0631306916071868,49293,0.3375124256993894
u30,1366608013,0,4,2.275,8.089444444444444,22.253611111111113,7,27,6.201666666666667,7521,0.1693923680361654,39555,0.2688914170142839
u30,1366862511,0,4,8.067777777777778,17.140555555555554,16.935277777777777,3,28,12.195277777777777,8137,0.043627872680349,56730,0.502450202714613
u30,1367562567,0,4,8.525555555555556,8.525555555555556,3.8544444444444443,1,18,8.037777777777778,8137,0.0521076563844168,45013,0.3802679226001377
u31,1364508024,0,4,6.776944444444444,7.425833333333333,8.2075,4,61,7.395555555555555,7852,0.0287824758023433,43553,0.3255114458246275
u31,1364594440,0,5,2.3408333333333333,5.262777777777778,5.030277777777778,3,80,10.982777777777779,7789,0.0681730645782513,53299,0.3825024859753466
u31,1364684254,1,3,2.040277777777778,4.335833333333333,9.253055555555555,4,76,4.964444444444444,8095,0.0118591723285979,36497,0.2039893689892319
u31,1364947339,0,4,1.6594444444444445,4.183055555555556,3.3805555555555555,2,46,7.074166666666667,7687,0.0411083647716924,42435,0.328101802757158
u31,1365120832,0,4,6.2975,7.845833333333333,2.468611111111111,2,61,8.87861111111111,7764,0.0506182380216383,47163,0.375060958802451
u31,1365804015,0,4,0.7133333333333334,0.7133333333333334,4.220277777777778,1,55,5.405,7014,0.0335044197319646,37937,0.3291509608034372
u32,1364698203,0,4,2.6766666666666667,6.766944444444444,22.059444444444445,6,47,9.671388888888888,7216,0.0378325942350332,49818,0.3696655827211048
u32,1364697586,0,4,2.8480555555555553,6.766944444444444,22.059444444444445,6,47,9.671388888888888,7211,0.0378588267924005,49818,0.3653699466056445
u32,1364759632,0,4,2.4266666666666667,10.524444444444445,12.254722222222222,5,39,11.541944444444445,7568,0.0262949260042283,54975,0.423337880854934
u32,1365062828,0,4,5.711388888888889,16.346666666666668,18.59611111111111,5,32,10.022222222222222,7700,0.059090909090909,50590,0.4021545760031627
u32,1365368656,0,4,7.905,7.905,7.021388888888889,2,23,9.594444444444445,7837,0.0299859640168431,49255,0.3619734037153588
u32,1365291582,0,4,4.496944444444445,9.977777777777778,8.027777777777779,3,37,7.530833333333334,7981,0.0394687382533517,43586,0.3819804524388565
u32,1365303826,0,4,5.946944444444444,12.944166666666666,10.99388888888889,2,34,10.260555555555555,7763,0.0490789643179183,51171,0.4264329405327236
u32,1365294992,0,4,4.496944444444445,10.490277777777777,8.54,2,30,8.052222222222222,7966,0.0352749184032136,45034,0.4024514811031665
u32,1365387644,0,4,2.6752777777777776,3.687777777777778,3.7216666666666667,2,33,8.37138888888889,8049,0.0181388992421418,45857,0.3296334256493011
u32,1365448387,0,4,9.593333333333334,10.750555555555556,12.6275,4,51,9.626944444444444,8055,0.0338919925512104,49544,0.3672694978201195
u32,1365452871,0,4,9.593333333333334,11.995833333333334,12.6275,4,51,8.498611111111112,8065,0.0394296342219466,46384,0.3460891686788547
u32,1365500751,0,4,6.8244444444444445,18.801388888888887,18.690555555555555,5,31,6.117222222222222,8124,0.0297882816346627,39707,0.313395622938021
u32,1365546112,0,4,7.981944444444444,16.477222222222224,16.009722222222223,4,45,6.751666666666667,8074,0.0178350260094129,41350,0.2982103990326481
u32,1365621182,0,4,1.5519444444444443,1.7277777777777779,15.257222222222222,4,39,11.239444444444445,7877,0.0374508061444712,53884,0.4009539009724593
u32,1365580690,0,4,5.693333333333333,6.89,13.92388888888889,4,54,9.836388888888889,7889,0.0296615540626188,50060,0.3715541350379545
u32,1365631746,0,4,3.1102777777777777,4.662222222222222,17.86611111111111,5,42,9.808333333333334,7869,0.0385055280213496,49926,0.3811641229018948
u32,1365788565,0,4,8.048333333333334,17.483055555555556,19.261944444444445,7,38,11.987777777777778,7825,0.0548242811501597,56067,0.4564538855298125
u32,1365806533,0,4,6.8975,18.160833333333333,18.42,5,44,10.335,7833,0.05591727307545,51299,0.4064796584728747
u32,1365838933,0,4,6.1433333333333335,11.741944444444444,17.800555555555555,7,41,11.550555555555556,7486,0.0947101255677264,54652,0.3704896435629071
u32,1365896739,0,4,1.5530555555555556,2.828888888888889,16.100833333333334,6,40,8.869444444444444,5903,0.0796205319329154,37870,0.3363348296804859
u32,1365831981,0,4,6.1433333333333335,13.673055555555555,17.81111111111111,6,39,11.421666666666667,7519,0.0920335150950924,54281,0.3696689449346917
u32,1366187223,0,4,0.0,0.0,0.0,0,42,3.7866666666666666,0,,0,
u32,1366281350,0,4,4.5375,7.691388888888889,13.88,6,30,6.720833333333333,5145,0.0726919339164237,25939,0.2681676240410193
u32,1366257797,0,4,3.698888888888889,6.852777777777778,7.448888888888889,4,30,6.720833333333333,2994,0.0898463593854375,19811,0.3511180657210641
u32,1366438217,0,4,7.734166666666667,8.787777777777778,20.017777777777777,8,23,8.854166666666666,7598,0.1171360884443274,47277,0.3234342280601561
u32,1366679427,0,4,8.89,12.981666666666667,12.856944444444444,4,33,9.944722222222222,7938,0.037540942302847,50112,0.3662994891443167
u32,1366830276,0,4,0.0,0.0,11.196388888888889,3,17,3.0344444444444445,4353,0.1762003216172754,22014,0.2990824021077496
u32,1367294521,0,4,6.4447222222222225,13.715277777777779,9.843055555555555,3,18,3.4875,7486,0.0597114613946032,32089,0.2386799214684159
u32,1366662719,0,4,8.89,12.150277777777777,12.523888888888889,4,38,8.469166666666666,8043,0.0334452318786522,45929,0.3309891354046463
u32,1366711982,0,4,3.5344444444444445,7.626111111111111,16.975555555555555,5,33,12.185833333333333,7660,0.0684073107049608,56461,0.4001877402100565
u32,1368904993,0,5,1.8202777777777779,1.8202777777777779,3.0644444444444443,1,8,3.730277777777778,3006,0.4863606121091151,20054,0.3300089757654333
u32,1369636148,0,4,7.4591666666666665,12.69361111111111,6.343333333333334,1,22,11.479444444444445,7070,0.1988684582743988,55027,0.3608410416704526
u33,1364509098,0,4,2.808611111111111,6.414444444444444,8.210555555555555,2,12,1.9925,7808,0.0517418032786885,27923,0.1657056906492855
u33,1364953857,1,2,3.2691666666666666,4.813888888888889,15.375277777777777,4,10,4.456111111111111,8031,0.0347403810235338,34839,0.2949855047504234
u33,1364767215,0,4,8.672222222222222,20.291944444444443,13.606388888888889,5,17,4.265833333333333,7954,0.0486547648981644,34151,0.2791426312553073
u33,1364840494,1,2,6.753333333333333,17.337777777777777,11.5175,6,23,6.071944444444444,7692,0.0824232969318772,39172,0.3225773511692025
u33,1364969309,1,2,2.6691666666666665,5.263888888888889,13.234166666666667,3,8,4.788055555555555,8072,0.0349355797819623,35843,0.2834584158692074
u33,1365055213,1,2,7.1225,13.611666666666666,13.8825,5,12,3.087222222222222,8093,0.0353391820091437,30955,0.1978678727184623
u33,1365210340,0,4,10.86138888888889,14.074722222222222,11.765,4,21,8.776111111111112,7929,0.0691133812586707,46970,0.3486267830530125
u33,1365386425,0,4,9.275,17.988055555555555,9.160277777777777,2,19,2.5322222222222224,8139,0.0215014129499938,29507,0.1850408377673094
u33,1365451452,0,4,6.488333333333333,15.544444444444444,9.776944444444444,4,34,8.369444444444444,8054,0.0807052396324807,45871,0.3331734647162695
u33,1365480225,0,4,6.488333333333333,15.590833333333334,11.301944444444445,5,23,7.071666666666666,8134,0.0629456601917875,42150,0.3012574139976275
u33,1366057954,0,4,4.758333333333334,14.569444444444445,3.516111111111111,2,16,5.167777777777777,7808,0.0522540983606557,36119,0.2487887261552091
u33,1365494847,0,4,4.357222222222222,12.01361111111111,10.295277777777779,4,25,7.133611111111111,8105,0.0626773596545342,42273,0.3019894495304331
u33,1365717691,0,4,1.603888888888889,3.9158333333333335,12.672777777777778,4,22,7.7925,7867,0.0509724164230329,43968,0.3981304585152838
u33,1365537962,0,4,4.357222222222222,6.642222222222222,12.709444444444445,3,17,2.733888888888889,8111,0.0147947232153865,30050,0.1857237936772046
u33,1365544838,0,4,4.357222222222222,6.508333333333334,12.6575,3,19,2.2483333333333335,8121,0.0050486393301317,28640,0.1531075418994413
u33,1365636120,0,4,8.637777777777778,14.489444444444445,3.6638888888888888,3,26,8.274166666666666,7943,0.0527508498048596,45565,0.382552397673653
u33,1365649775,0,4,8.637777777777778,14.966388888888888,4.729166666666667,4,22,6.838333333333333,7856,0.0535896130346232,41608,0.3673812728321476
u33,1366101454,0,4,4.758333333333334,13.603333333333333,6.366666666666666,4,32,10.034444444444444,7876,0.0929405789740985,50282,0.407680680959389
u33,1365736183,0,4,1.603888888888889,2.636111111111111,11.426666666666666,3,21,9.502222222222223,7969,0.0499435311833354,48655,0.4306237796732093
u33,1365747091,0,4,1.603888888888889,4.141666666666667,11.186666666666667,3,20,9.482777777777779,7971,0.0504328189687617,48678,0.4301121656600518
u33,1365892470,0,4,8.476944444444445,11.677777777777777,13.076944444444445,4,4,0.20472222222222222,8247,0.0021826118588577,22875,0.0239125683060109
u33,1366190058,1,3,4.000555555555556,6.145555555555555,5.063055555555556,2,13,3.8330555555555557,8191,0.0212428274935905,33069,0.2664731319362545
u33,1366171281,1,2,3.116388888888889,4.078611111111111,2.9669444444444446,2,19,5.061944444444444,8011,0.0378229933840968,36521,0.3097122203663645
u33,1366272052,0,4,3.203888888888889,8.999444444444444,6.68,5,22,8.89861111111111,7746,0.0773302349599793,47134,0.4011965884499512
u33,1366257620,0,4,4.9725,12.975833333333334,8.177222222222222,5,23,8.176944444444445,7786,0.0651168764449011,45140,0.385268054940186
u33,1366434691,0,5,6.489166666666667,18.3275,5.402222222222222,4,14,5.225,7993,0.0500437883147754,36921,0.2786760921968527
u33,1367280004,1,2,9.329166666666667,18.56111111111111,12.875,3,20,3.7180555555555554,8121,0.0213027952222632,32830,0.1907706366128541
u33,1367306590,1,3,7.905833333333334,16.764166666666668,9.938611111111111,2,12,3.9963888888888888,8126,0.03704159488063,33635,0.2295822803627174
u33,1367193608,1,2,9.764722222222222,18.839444444444446,7.076666666666667,3,27,9.057222222222222,7925,0.0608201892744479,47794,0.4097794702263883
u33,1367208000,1,2,9.764722222222222,20.406944444444445,9.692222222222222,5,27,7.089722222222222,8009,0.0444499937570233,42238,0.3650504285240778
u33,1367265604,1,3,9.329166666666667,18.598333333333333,11.570277777777777,3,23,4.283888888888889,8115,0.0321626617375231,34392,0.2183647359851128
u33,1367306356,1,3,7.970833333333333,16.829166666666666,10.00361111111111,2,12,3.9963888888888888,8126,0.03704159488063,33634,0.229589106261521
u33,1367472245,1,2,6.510555555555555,19.189722222222223,9.262777777777778,4,12,4.012222222222222,8147,0.030195163863999,33753,0.224217106627559
u33,1367384590,1,3,6.504166666666666,13.863888888888889,5.205,2,19,4.671111111111111,7849,0.0941521212893362,35470,0.2506625317169439
u33,1368732794,1,3,3.7380555555555555,10.607222222222223,13.144444444444444,4,5,0.5072222222222222,8159,0.0024512807942149,23493,0.0377559272974928
u33,1368589922,1,3,6.627777777777778,9.4475,17.816666666666666,6,6,1.1105555555555555,8158,0.0091934297621966,24955,0.0936485674213584
u33,1367987175,1,3,7.553888888888889,14.299444444444445,10.379722222222222,2,13,5.655,8022,0.0295437546746447,38257,0.3182946911676294
u33,1367958272,1,3,7.876944444444445,19.87361111111111,11.866111111111111,4,12,2.7605555555555554,8127,0.0365448504983388,30192,0.1809088500264971
u33,1368043869,1,3,7.276944444444444,12.272222222222222,11.067777777777778,4,24,8.9475,7963,0.0459625769182468,47581,0.3860154263256342
u33,1367814633,1,3,8.748888888888889,15.610277777777778,11.619444444444444,4,13,3.793888888888889,8040,0.0610696517412935,33141,0.2803476056848013
u33,1367905796,1,3,5.995277777777778,21.059722222222224,12.683055555555555,4,36,6.828055555555555,7994,0.0581686264698523,41708,0.2919104248585403
u33,1368645196,1,3,4.645,6.298055555555556,16.604444444444443,5,4,0.37694444444444447,8231,0.0030372980196816,22869,0.0340635795181249
u33,1368845796,1,3,5.350555555555555,9.014722222222222,9.949722222222222,3,7,0.5855555555555556,8218,0.0204429301533219,26496,0.1488526570048309
u33,1368909411,1,3,8.751666666666667,8.751666666666667,4.225,1,3,1.4647222222222223,3892,0.0449640287769784,17676,0.340744512333107
u33,1368937275,1,3,3.6766666666666667,3.6766666666666667,0.0,0,2,1.408611111111111,1313,0.0091393754760091,7510,0.4672436750998668
u33,1369195344,1,3,0.0,0.0,0.0,0,0,0.0,0,,0,
u33,1369368022,1,3,0.0,0.0,0.0,0,0,0.0,0,,0,
u33,1369433166,0,4,0.0,0.0,0.0,0,0,0.0,0,,0,
u33,1369880426,1,2,0.0,0.0,0.7227777777777777,0,0,0.0,995,0.0080402010050251,5053,0.137739956461508
u34,1364768218,0,4,3.3313888888888887,6.211666666666667,7.3975,2,20,6.522222222222222,2437,0.1887566680344686,25863,0.4838185825310289
u34,1364972147,0,4,5.180555555555555,11.098611111111111,9.238333333333333,3,38,10.581111111111111,7650,0.045359477124183,52050,0.4217483189241114
u35,1364530876,0,4,4.865277777777778,10.571666666666667,9.618333333333334,4,6,2.2913888888888887,3853,0.0352971710355567,16977,0.2638275313659657
u35,1364681826,0,5,2.8769444444444443,2.8769444444444443,7.9,4,7,1.5491666666666666,8161,0.0247518686435485,26807,0.1374640951990151
u35,1364768535,0,4,4.004722222222222,4.004722222222222,9.591388888888888,1,22,3.691666666666667,8273,0.0124501390064063,32688,0.2251590797846304
u35,1365034441,0,4,3.186111111111111,3.825,20.125555555555554,6,42,6.1241666666666665,8028,0.0272795216741405,39703,0.3017404226380878
u35,1365055264,0,4,0.0,0.0,17.5225,5,33,3.645277777777778,8045,0.0223741454319453,32708,0.2262137703314174
u35,1365120858,0,4,2.2975,2.2975,16.253888888888888,5,17,4.058611111111111,8207,0.0473985622029974,33785,0.2595530560899807
u35,1365148923,0,4,2.2975,2.2975,19.97138888888889,5,11,3.691666666666667,8217,0.0421078252403553,32736,0.2443487292277615
u35,1365212266,0,5,2.1261111111111113,3.2888888888888888,19.139444444444443,5,30,6.554722222222222,8119,0.0509915014164305,40847,0.3394374127842926
u35,1365233222,0,5,2.1261111111111113,3.2888888888888888,14.95861111111111,5,37,7.51,8095,0.0586781964175416,43499,0.3646980390353801
u35,1365495128,0,4,4.793888888888889,7.319166666666667,10.203888888888889,4,46,5.600555555555555,8071,0.0847478627183744,38234,0.2867081655071402
u35,1365724451,0,5,4.889444444444444,7.718055555555556,21.818055555555556,4,27,5.678333333333334,7837,0.1218578537705754,38308,0.3289652291949462
u35,1365980129,0,4,8.669166666666667,8.669166666666667,0.0,0,13,1.6830555555555555,7753,0.0069650457887269,26455,0.1126063126063126
u35,1366263805,1,2,4.059444444444445,4.059444444444445,8.50388888888889,2,25,1.7747222222222223,8120,0.0953201970443349,27650,0.0782278481012658
u35,1366427379,0,4,2.9386111111111113,2.9386111111111113,10.481666666666667,4,16,3.7911111111111113,8034,0.0532735872541697,33081,0.2849067440524772
u35,1366571887,1,2,1.9752777777777777,1.9752777777777777,5.363611111111111,3,24,1.5847222222222221,8203,0.0157259539192978,26763,0.1178119044950117
u35,1366682409,1,3,0.0,0.0,2.705277777777778,1,50,3.9294444444444445,8138,0.0136397149176701,33340,0.2569586082783443
u35,1367208042,1,3,1.3455555555555556,1.3455555555555556,0.0,0,57,7.2525,7643,0.0109904487766583,42844,0.3218653720474279
u35,1368394510,1,3,1.2261111111111112,1.2261111111111112,1.06,0,37,5.919722222222222,7766,0.0191861962400206,38887,0.3363334790546969
u35,1367961507,0,5,1.3622222222222222,2.6141666666666667,10.113333333333333,2,33,6.328055555555555,8205,0.0396099939061547,40979,0.3143561336294199
u36,1365209120,1,3,5.536944444444444,11.985833333333334,14.594444444444445,7,43,3.783888888888889,8071,0.0439846363523726,32862,0.2129815592477633
u36,1365233307,1,2,5.536944444444444,12.170277777777779,12.578333333333333,5,46,4.142777777777778,7998,0.0735183795948987,33918,0.1992452385164219
u36,1365300491,1,2,8.13888888888889,17.17111111111111,16.435,5,3,0.135,8146,0.0311809477043947,22782,0.0098762180668949
u36,1365389596,1,3,8.254444444444445,14.682777777777778,15.603333333333333,5,0,0.0,8154,0.0456217807211184,22446,0.0
u36,1365825167,1,2,7.004722222222222,9.949444444444444,14.227777777777778,7,41,4.366388888888889,7993,0.0331540097585387,34709,0.2325333486991846
u36,1366086246,1,2,7.7188888888888885,18.77638888888889,18.988611111111112,5,35,2.9047222222222224,8104,0.0166584402764067,30628,0.1804557920856732
u36,1366171714,1,2,4.345,14.176666666666666,13.632222222222222,8,20,1.2938888888888889,8088,0.0484668644906033,25995,0.0994037314868244
u36,1365719092,1,2,8.252222222222223,11.068333333333333,15.091944444444444,5,37,4.064722222222223,8049,0.0350354081252329,33760,0.2329383886255924
u36,1365804512,1,2,7.004722222222222,11.543055555555556,15.810277777777777,8,43,7.280833333333334,7971,0.0371346129720235,42862,0.3987448089216555
u36,1365791946,1,3,7.004722222222222,11.543055555555556,16.595277777777778,8,42,7.011388888888889,7980,0.0419799498746867,42000,0.402547619047619
u36,1365906751,1,2,1.69,3.687777777777778,16.638055555555557,6,29,2.7975,7803,0.0681789055491477,30423,0.1310521644808204
u36,1366188944,1,2,4.520555555555555,14.900277777777777,14.477777777777778,6,15,1.1258333333333332,8036,0.0569935291189646,25557,0.0891732206440505
u36,1366067907,1,2,7.7188888888888885,17.170555555555556,17.3825,5,38,3.276666666666667,8105,0.0166563849475632,31639,0.2022819937419008
u36,1366102764,1,2,4.656944444444444,18.7275,18.468333333333334,6,36,2.792777777777778,8147,0.0098195654842273,30316,0.1814553371157145
u36,1369200175,0,4,8.135833333333334,13.979444444444445,16.4175,5,40,5.016666666666667,8239,0.0140793785653598,36420,0.2694124107633168
u36,1369164593,0,4,11.612777777777778,15.092777777777778,15.47,5,35,3.702777777777778,8011,0.040069903882162,33205,0.1931636801686493
u41,1364771542,1,2,1.3491666666666666,2.4969444444444444,2.4119444444444444,2,25,2.4788888888888887,8222,0.0172707370469472,29428,0.1270898464047845
u41,1365039827,1,2,1.3241666666666667,3.65,7.552777777777778,1,19,5.693611111111111,3765,0.0698539176626826,27029,0.4691257538199711
u41,1365055212,1,2,1.3241666666666667,4.9430555555555555,10.713333333333333,3,30,6.884166666666666,5214,0.0550441120061373,34408,0.4234480353406185
u41,1365890411,1,2,2.486388888888889,5.262222222222222,1.988888888888889,2,16,2.6769444444444446,8237,0.0003642102707296,30017,0.1627744278242329
u41,1365977545,1,3,1.125,1.125,0.0,0,18,3.437777777777778,8242,0.0225673380247512,32141,0.1615382222083942
u41,1367193608,1,2,0.0,0.0,0.0,0,12,2.8044444444444445,7971,0.0322418768034123,30350,0.1815815485996705
u41,1367312977,1,3,6.916944444444445,10.090277777777779,8.82,1,29,4.839444444444444,8099,0.035806889739474,36030,0.2669442131557036
u41,1368000327,1,3,2.117777777777778,2.117777777777778,0.0,0,15,1.1005555555555555,1596,0.068922305764411,7565,0.2527428949107733
u42,1364972231,0,5,9.009166666666667,13.12111111111111,19.13083333333333,8,35,10.019444444444444,7760,0.036340206185567,50304,0.4091523536895674
u42,1365034470,0,4,6.547777777777778,12.581944444444444,19.996388888888887,8,42,7.032222222222222,7482,0.0209836941994119,41308,0.3218746973951777
u42,1364956578,0,5,12.095833333333333,13.8675,19.281944444444445,6,33,10.1325,7345,0.0367597004765146,50623,0.4228907808703553
u42,1364904605,0,5,8.301666666666666,11.711666666666666,12.901944444444444,3,29,5.754444444444444,7103,0.0070392791778121,38481,0.3289155687222265
u42,1364956045,0,5,12.095833333333333,13.8675,19.281944444444445,6,33,10.1325,7303,0.0369711077639326,50597,0.4232266735181927
u42,1365123527,0,4,1.5591666666666666,1.7980555555555555,9.8925,3,26,5.6963888888888885,5953,0.0396438770367881,34563,0.3497092266296328
u42,1365143342,0,4,2.6108333333333333,4.17,8.19,3,33,6.3725,5960,0.0370805369127516,36399,0.3719882414352042
u42,1365207118,0,4,6.033611111111111,10.717222222222222,16.73027777777778,6,39,9.959722222222222,7254,0.0602426247587537,50298,0.4247286174400572
u42,1365386871,1,2,1.8466666666666667,3.186111111111111,3.2177777777777776,2,8,0.7619444444444444,6783,0.0004422821760283,20577,0.0801380181756329
u42,1365486837,0,4,3.938888888888889,7.370277777777778,17.952222222222222,5,42,5.330555555555556,8023,0.0262993892558893,37206,0.3115357737999247
u42,1365894879,0,4,8.439166666666667,15.683333333333334,7.1066666666666665,5,31,5.939166666666667,7896,0.0288753799392097,38721,0.3071976446889284
u42,1365894826,0,4,8.439166666666667,15.698055555555555,7.121388888888889,5,31,5.939166666666667,7887,0.0289083301635602,38758,0.306904381031013
u42,1367003102,0,4,5.905277777777778,9.637777777777778,7.146111111111111,2,3,1.3672222222222221,3781,0.026976990214229,14380,0.1907510431154381
u42,1368004506,0,4,3.971111111111111,6.808333333333334,6.400833333333333,1,19,4.878888888888889,7431,0.0270488494146144,34447,0.3147443899323598
u42,1367987412,1,3,2.837222222222222,2.837222222222222,3.411111111111111,1,20,5.0725,7359,0.0288082619921184,35046,0.3168121896935456
u42,1368553309,0,4,5.969444444444444,20.11861111111111,21.95916666666667,5,37,5.596666666666667,8006,0.0333499875093679,38146,0.2796099197818906
u42,1368553363,0,4,5.969444444444444,20.11861111111111,21.95916666666667,5,37,5.596666666666667,8012,0.0340738891662506,38160,0.2797431865828092
u42,1368653655,0,5,9.417222222222222,20.369444444444444,18.74111111111111,4,55,8.419166666666667,7756,0.0368746776689015,45680,0.379553415061296
u42,1368993068,0,4,3.645277777777778,7.241944444444444,2.8219444444444446,2,43,2.7680555555555557,8291,0.0,30216,0.185729414879534
u42,1369112439,0,4,6.0055555555555555,15.801388888888889,8.72888888888889,2,1,0.06722222222222222,8318,0.0,22669,0.0131898186951343
u42,1369220819,0,4,6.758333333333334,10.43361111111111,0.0,0,13,2.168888888888889,4897,0.0369614049418011,30094,0.4077556988103941
u43,1364951087,1,3,8.7375,13.039166666666667,13.328888888888889,3,36,6.7,8054,0.0516513533647876,41300,0.2539467312348668
u43,1364859558,1,3,1.0602777777777779,1.0602777777777779,2.611388888888889,1,20,1.6569444444444446,2636,0.1460546282245827,12259,0.2119259319683497
u43,1365034969,1,3,8.575,8.752222222222223,6.926944444444445,1,27,5.835277777777778,7990,0.0638297872340425,38690,0.2737658309640734
u43,1364970752,1,3,5.8725,12.318333333333333,12.307777777777778,3,35,6.859444444444445,8076,0.0507677067855373,41755,0.2551311220213148
u43,1365008361,1,2,8.575,12.876666666666667,11.515555555555556,3,30,7.998055555555555,8075,0.0471826625386996,44911,0.2820021820934738
u43,1365056927,1,2,6.493333333333333,11.20111111111111,8.330555555555556,1,22,6.029722222222222,7983,0.0630088938995365,39186,0.2879089470729342
u43,1365322882,0,5,6.065833333333333,8.959444444444445,17.836944444444445,7,56,8.144722222222223,7975,0.0647021943573667,45512,0.2992177887150641
u43,1365228476,0,4,7.281666666666666,9.955555555555556,16.00027777777778,6,40,5.098333333333334,7452,0.1014492753623188,36960,0.2116883116883116
u43,1365149974,1,3,4.056388888888889,13.042777777777777,9.511388888888888,2,29,6.099166666666667,7835,0.0731333758774728,39444,0.213695365581584
u43,1365222199,0,4,9.025277777777777,11.699166666666667,16.00027777777778,6,40,5.098333333333334,7452,0.1014492753623188,36902,0.2120752262749986
u43,1365318739,0,4,6.065833333333333,8.959444444444445,17.836944444444445,7,56,8.144722222222223,7974,0.0647103085026335,45475,0.2994392523364486
u43,1365284810,0,4,6.065833333333333,10.388055555555555,19.308611111111112,7,52,6.629166666666666,8045,0.0493474207582349,41438,0.2828563154592403
u43,1365806846,1,2,4.252777777777778,6.330555555555556,2.3941666666666666,2,45,4.7283333333333335,7957,0.0496418248083448,35286,0.2143909765912826
u43,1365789659,1,3,2.9258333333333333,7.090277777777778,4.558333333333334,2,42,5.1497222222222225,8039,0.0631919392959323,36731,0.2431733413193215
u43,1366174372,1,3,7.036388888888889,16.70777777777778,18.37388888888889,5,28,10.001944444444444,8174,0.0656961096158551,50182,0.3748555258857757
u43,1365830567,1,3,4.252777777777778,6.330555555555556,2.3941666666666666,2,27,3.882222222222222,5797,0.0619285837502156,26744,0.2213580616212982
u43,1365977296,1,3,4.0075,6.821666666666666,16.7025,4,37,4.691388888888889,8164,0.0363792258696717,35344,0.1756450882752376
u43,1366082623,1,3,1.7025,5.330277777777778,3.7066666666666666,2,42,9.028333333333334,8071,0.086482468095651,47353,0.3233374865372838
u43,1366063023,1,3,1.4111111111111112,3.8891666666666667,2.2647222222222223,1,50,7.1975,8008,0.064060939060939,42217,0.2884619939834664
u43,1366085112,1,3,1.7025,5.330277777777778,3.7066666666666666,2,43,9.108888888888888,8091,0.0814485230503028,47626,0.3302607819258388
u43,1366188892,1,3,4.835833333333333,18.5175,20.18722222222222,6,22,8.437222222222223,8189,0.0616680913420442,45768,0.3396477888481035
u43,1366258394,1,3,8.676388888888889,14.620555555555555,13.235833333333334,4,37,6.513888888888889,7897,0.0645814866404963,40552,0.2617873347800355
u43,1366272671,1,3,5.428055555555556,14.643611111111111,12.942222222222222,3,37,6.513888888888889,7910,0.0644753476611883,40403,0.2634705343662599
u43,1366317339,1,3,8.723333333333333,9.941666666666666,7.667222222222223,1,33,6.812222222222222,7792,0.0956108829568788,41401,0.2545107606096471
u43,1366597115,1,3,2.536388888888889,4.591388888888889,17.563055555555554,4,53,9.122777777777777,6912,0.0471643518518518,48104,0.3145892233494096
u43,1366597118,1,2,2.536388888888889,4.591388888888889,17.56222222222222,4,53,9.122777777777777,6913,0.047157529292637,48104,0.3145684350573757
u43,1366704658,1,3,1.2097222222222221,4.249722222222222,5.622222222222222,4,46,6.383333333333334,5470,0.0446069469835466,33631,0.3602628527251643
u43,1366999339,0,4,9.979166666666666,14.7625,17.825,6,29,4.791111111111111,7918,0.0863854508714321,35776,0.2540250447227191
u43,1366919335,1,3,8.136944444444444,14.765555555555556,17.955555555555556,7,35,7.841666666666667,7681,0.1196458794427808,44866,0.3167877680203272
u43,1367193929,1,3,1.3486111111111112,3.939722222222222,6.873333333333333,4,28,2.1597222222222223,5486,0.1031717098067808,22600,0.1257964601769911
u43,1367294481,1,3,8.299444444444445,8.889722222222222,10.10388888888889,2,7,1.305,8031,0.0688581745735275,25938,0.090639216593415
u43,1367280007,1,2,8.299444444444445,8.299444444444445,9.523888888888889,2,24,3.4097222222222223,8056,0.0672790466732869,31993,0.190854249367049
u43,1367384984,1,3,8.24,13.580277777777777,12.296666666666667,5,12,2.2091666666666665,7675,0.0996742671009772,28557,0.1460587596736351
u44,1364970926,0,4,3.5502777777777776,12.63111111111111,2.8894444444444445,1,28,2.1841666666666666,8200,0.007560975609756,28476,0.1508287680854052
u44,1365039582,0,5,9.39861111111111,14.992777777777778,15.189722222222223,7,10,2.816666666666667,8047,0.0528147135578476,30315,0.22282698334158
u44,1364947585,0,4,7.029444444444445,11.032222222222222,0.0,0,28,2.198611111111111,8218,0.0075444146994402,28620,0.1556254367575122
u44,1365034778,0,4,9.39861111111111,14.759722222222223,15.189722222222223,7,11,2.9169444444444443,8042,0.0528475503606068,30578,0.2255543200994179
u44,1365055880,0,4,7.9675,15.4625,15.993333333333334,7,10,2.816666666666667,8065,0.0526968381897086,30285,0.223311870562985
u44,1365092074,0,4,13.973333333333333,16.899722222222223,16.56972222222222,8,6,1.5702777777777779,8167,0.0217950287743357,26783,0.1479669939887241
u44,1365128510,0,4,9.830833333333333,11.512222222222222,13.21,5,30,2.5661111111111112,8231,0.0066820556432997,29578,0.1977145175468253
u44,1365141955,0,4,6.096111111111111,10.165833333333333,12.532222222222222,4,33,2.7705555555555557,8182,0.0100219995111219,30140,0.2072660915726609
u44,1365180357,0,4,9.155,10.313055555555556,12.75388888888889,4,40,3.8569444444444443,8117,0.0246396451891092,33142,0.2593687767787098
u44,1365240302,0,4,3.9858333333333333,8.591944444444444,10.465555555555556,2,42,5.3775,8205,0.0303473491773308,37350,0.3265060240963855
u44,1365398461,1,2,1.9380555555555556,1.9380555555555556,18.747777777777777,6,22,1.451111111111111,8212,0.0135168046760837,26513,0.1337834269980764
u44,1365453699,0,4,1.118611111111111,1.118611111111111,16.614166666666666,7,28,3.9469444444444446,8116,0.0364711680630852,33455,0.2766103721416829
u44,1365494583,0,4,2.7230555555555553,5.918888888888889,16.779722222222222,6,25,4.8566666666666665,8097,0.0298876126960602,36128,0.3019818423383525
u44,1365634932,1,2,9.399166666666666,12.799166666666666,14.784444444444444,4,37,6.925277777777778,8071,0.0294882914137033,41927,0.3889379159014478
u44,1365882887,1,2,5.639166666666667,5.639166666666667,23.09861111111111,6,39,4.973333333333334,8161,0.0188702364906261,36091,0.2971100828461389
u44,1366042917,1,2,0.0,0.0,0.0,0,0,0.0,0,,0,
u44,1366086121,0,4,0.0,0.0,3.1261111111111113,2,6,0.8205555555555556,2093,0.0219780219780219,8061,0.229003845676715
u44,1366080627,0,4,0.0,0.0,2.143611111111111,1,4,0.7616666666666667,1562,0.029449423815621,6498,0.2636195752539242
u44,1366646996,1,2,8.569722222222222,12.783611111111112,15.238611111111112,6,17,3.598611111111111,8203,0.0256003901011824,32141,0.264739740518341
u44,1366698238,0,4,5.755833333333333,5.755833333333333,10.011388888888888,2,58,7.6725,8065,0.0274023558586484,43194,0.3816502291984998
u44,1367248360,1,3,4.450833333333334,4.450833333333334,14.208055555555555,2,26,2.07,8149,0.0138667321143698,28021,0.1641982798615324
u44,1367284632,1,3,2.3002777777777776,2.3002777777777776,15.621666666666666,5,45,7.935555555555555,8201,0.0171930252408242,44644,0.406079204372368
u44,1367294598,1,3,2.3002777777777776,2.3002777777777776,14.054166666666667,5,58,9.143888888888888,8053,0.0337762324599528,48016,0.4349800066644452
u44,1367871050,0,4,0.0,0.0,8.533611111111112,5,18,1.5230555555555556,7563,0.021420071400238,24897,0.1487729445314696
u44,1368649748,0,4,1.1255555555555556,1.7366666666666666,13.050277777777778,5,37,4.5725,7960,0.0496231155778894,34983,0.2901409255924306
u44,1368726559,0,4,4.640555555555555,4.693611111111111,8.060277777777777,5,14,1.6022222222222222,8218,0.0118033584813823,26286,0.1565852545081031
u44,1368636548,0,4,0.06944444444444445,0.06944444444444445,12.889444444444445,4,39,4.903611111111111,8003,0.040609771335749,35892,0.3045525465284743
u44,1368030431,1,3,1.6388888888888888,1.6388888888888888,6.741666666666666,2,18,1.6152777777777778,8201,0.0151201073039873,26950,0.1210760667903525
u44,1368378349,0,4,13.737777777777778,13.737777777777778,11.277222222222223,4,2,0.5322222222222223,5933,0.0,17537,0.053144779608827
u44,1368584143,1,3,0.0,0.0,7.0525,2,38,4.4875,8096,0.0119812252964426,34800,0.3020402298850574
u44,1368670508,0,4,4.640555555555555,5.766111111111111,15.343055555555555,6,17,2.3330555555555557,8128,0.0399852362204724,28945,0.2024183796856106
u44,1368733550,0,4,4.640555555555555,4.640555555555555,8.0675,6,18,1.455,8204,0.0118235007313505,25910,0.1324585102277113
u44,1368812679,0,4,2.158333333333333,2.158333333333333,10.5475,3,39,3.563888888888889,8207,0.0085293042524674,32317,0.2546337840764922
u44,1369675715,1,2,0.0,0.0,23.284166666666668,6,38,6.092222222222222,8272,0.003747582205029,39362,0.3569940551801229
u44,1370034952,0,5,5.783333333333333,7.057222222222222,14.805277777777778,2,38,3.4563888888888887,7669,0.0125179293258573,30441,0.2592556092112611
u45,1364899373,0,5,4.844722222222222,8.020833333333334,8.596944444444444,3,17,5.812777777777778,3226,0.0517668939863608,28249,0.430953308081702
u45,1364977331,0,5,5.8069444444444445,10.963333333333333,17.13083333333333,6,33,11.018055555555556,7744,0.0431301652892562,52947,0.4162464351143596
u45,1365036657,0,4,9.419444444444444,10.071388888888889,15.179166666666667,6,26,8.614166666666666,8673,0.0318228986509858,44073,0.4259523971592585
u45,1364977333,0,4,5.806388888888889,10.963333333333333,17.13083333333333,6,33,11.018055555555556,7743,0.043135735503035,52947,0.4162464351143596
u45,1365145691,0,5,6.414444444444444,10.2925,11.669722222222223,6,49,8.915833333333333,10343,0.0379000290051242,47362,0.376588826485368
u45,1365206473,0,4,7.441111111111111,8.535555555555556,10.7675,5,38,6.6563888888888885,11465,0.0254688181421718,41103,0.3391723231880885
u45,1365443714,0,4,0.0,0.0,10.109722222222222,2,22,3.4677777777777776,9978,0.0279615153337342,25558,0.2523280381876516
u45,1365454309,0,5,0.0,0.0,11.61,2,24,5.021111111111111,10927,0.037704768005857,32638,0.257429989582695
u45,1366099726,0,5,4.711388888888889,10.29111111111111,9.77138888888889,3,24,2.546111111111111,21238,0.0066861286373481,23631,0.1996529981803563
u45,1365804238,0,5,1.8725,2.3361111111111112,15.149722222222222,7,43,10.088888888888889,7747,0.0378210920356267,50679,0.4215355472680992
u45,1365890998,0,5,2.5969444444444445,4.485555555555556,17.82,6,32,6.623888888888889,7715,0.0390149060272197,40950,0.3346275946275946
u45,1365976805,0,5,8.14638888888889,11.193055555555556,10.274166666666666,3,18,4.423333333333333,23935,0.0138709003551284,32491,0.2716752331414853
u45,1366100027,0,5,4.627777777777778,10.2075,9.687777777777777,3,24,2.546111111111111,21145,0.0067155355876093,23568,0.2001866938221317
u45,1366273099,0,5,3.542777777777778,10.1975,8.654722222222222,4,5,2.2888888888888888,7991,0.0173945688900012,18043,0.2605996785456964
u45,1367268041,0,4,6.350833333333333,8.405,11.455555555555556,5,43,4.994166666666667,7771,0.0191738514991635,36318,0.2914532738586927
u45,1367985977,0,4,8.4725,11.411944444444444,14.308333333333334,6,36,6.6075,7489,0.0518093203364935,40857,0.3077807964363512
u45,1368842411,1,2,0.0,0.0,2.044722222222222,1,7,1.8797222222222223,1397,0.0486757337151037,9817,0.3692574106142406
u45,1369077275,1,3,7.068611111111111,9.379166666666666,10.550277777777778,4,10,2.3608333333333333,7393,0.0223184093061003,28076,0.1702521726741701
u46,1364807149,1,2,1.1005555555555555,2.9580555555555557,1.8291666666666666,1,19,6.5216666666666665,3979,0.1927620005026388,30202,0.4462618369644394
u46,1364796191,0,5,1.1005555555555555,1.1005555555555555,1.0230555555555556,1,15,5.988611111111111,3032,0.2513192612137203,25916,0.4788547615372743
u46,1364969432,0,4,8.13111111111111,13.422222222222222,18.702222222222222,5,60,8.675555555555556,12214,0.0329130505976748,63131,0.3078836071026912
u46,1364948277,0,4,8.13111111111111,10.770277777777778,13.27138888888889,4,50,9.146666666666667,10124,0.0561043065981825,56915,0.315189317403145
u46,1364895947,1,2,5.0825,8.294166666666667,10.31,5,41,7.410833333333334,7879,0.1133392562507932,43217,0.2968276372723696
u46,1364788585,1,2,1.1005555555555555,1.1005555555555555,1.0230555555555556,1,13,4.399444444444445,2361,0.2477763659466327,19571,0.4699810944765213
u46,1364792710,0,4,1.1005555555555555,1.1005555555555555,1.0230555555555556,1,14,5.1241666666666665,2699,0.2815857725083364,22616,0.4684736469755925
u46,1365057834,0,5,5.651666666666666,10.429722222222223,14.416666666666666,5,40,13.29,15871,0.0953311070505954,85172,0.2938406988212088
u46,1365144971,1,3,5.024166666666667,14.326666666666666,12.728333333333333,7,36,7.701666666666667,8159,0.0960902071332271,44990,0.3523449655478995
u46,1365206593,1,3,5.657777777777778,10.631388888888889,9.1125,5,47,11.315833333333334,7643,0.1273060316629595,54068,0.4135348080195309
u46,1365232937,0,4,5.2636111111111115,11.243333333333334,10.774444444444445,3,39,13.621666666666666,7447,0.2100174566939707,60514,0.4603893313943881
u46,1365301149,1,3,6.205277777777778,10.639444444444445,16.054444444444446,6,27,8.857777777777779,7791,0.1215505069952509,46997,0.3289997233865991
u46,1365391549,1,3,8.064444444444444,10.160555555555556,14.387777777777778,6,44,5.350833333333333,7870,0.0532401524777636,37357,0.2907621061648419
u46,1365451228,0,4,7.090833333333333,10.16388888888889,11.8225,5,46,8.375833333333333,7679,0.0815210313842948,45677,0.3843072005604571
u46,1365494502,0,4,3.975,11.743333333333334,12.771666666666667,5,39,7.891111111111111,7847,0.0949407416847202,44430,0.3647535449020931
u46,1365890618,1,3,3.730277777777778,8.688333333333333,4.576944444444444,2,37,5.9525,7568,0.1544661733615221,40984,0.3011419090376732
u46,1365719354,1,3,6.4880555555555555,14.178888888888888,12.6725,5,36,9.341944444444444,7772,0.1783324755532681,48593,0.3360154754800074
u46,1366043702,1,3,5.745,10.327222222222222,7.5872222222222225,6,31,4.583055555555555,7750,0.0743225806451612,35220,0.2522998296422487
u46,1366185659,1,3,4.28,8.585,10.532777777777778,4,35,7.283333333333333,7934,0.1090244517267456,42709,0.3566695544264674
u46,1366999210,1,3,5.874444444444444,5.874444444444444,3.0597222222222222,1,14,3.269722222222222,7038,0.0949133276499005,29548,0.245769595234872
u46,1367294521,1,3,4.710277777777778,4.710277777777778,7.7275,3,50,7.226666666666667,7728,0.134575569358178,43663,0.3106520394842315
u46,1367208224,1,3,2.6475,6.131111111111111,7.448611111111111,3,42,6.435833333333333,5802,0.0953119613926232,39840,0.3496736947791165
u46,1367194989,1,3,2.6475,6.816666666666666,7.448611111111111,3,38,4.198333333333333,5765,0.0747614917606244,33495,0.2879832810867294
u46,1367265610,1,3,4.710277777777778,4.710277777777778,7.7275,3,54,8.305833333333334,7926,0.0833964168559172,46556,0.3478176819314374
u46,1367814398,1,2,8.304722222222223,10.774444444444445,7.011388888888889,1,45,8.314166666666667,7725,0.1339805825242718,45475,0.3118196811434854
u47,1365142029,0,4,0.0,0.0,0.0,0,33,1.8105555555555555,10255,0.0226231106777181,27700,0.1112635379061371
u47,1365894524,1,2,3.3852777777777776,11.975277777777778,15.240555555555556,5,25,2.882222222222222,10064,0.0057631160572337,30644,0.1576817647826654
u47,1366274853,0,4,0.0,0.0,2.1152777777777776,1,14,1.0808333333333333,10236,0.0148495506057053,25446,0.0637035290418926
u47,1367296264,1,2,0.0,0.0,0.0,0,29,3.1597222222222223,7046,0.0141924496168038,24354,0.2536338999753634
u47,1367280024,1,2,0.0,0.0,0.0,0,7,1.3488888888888888,7064,0.0082106455266138,19333,0.1443128329798789
u47,1369336925,0,4,7.773055555555556,7.773055555555556,3.813888888888889,3,19,1.9702777777777778,9425,0.1548010610079575,28001,0.113853076675833
u49,1364681195,1,3,0.0,0.0,9.466666666666667,3,25,4.509166666666666,7143,0.0341593168136637,32857,0.223787929512737
u49,1364594494,1,3,0.0,0.0,5.113333333333333,3,21,4.497222222222222,6366,0.0680175934652843,31336,0.2278848608629053
u49,1364536874,1,3,0.0,0.0,2.4330555555555557,0,13,2.063888888888889,3787,0.0546606812780565,16791,0.1853969388362813
u49,1364712773,1,3,0.0,0.0,11.118055555555555,4,21,2.5544444444444445,7300,0.0258904109589041,27500,0.1556727272727272
u49,1364798130,0,4,0.0,0.0,7.146944444444444,4,28,4.565277777777778,7624,0.061909758656873,35200,0.1699147727272727
u49,1364769362,0,4,0.0,0.0,11.111666666666666,4,31,4.908055555555555,7668,0.0550339071465832,36267,0.1709818843576805
u49,1364928262,0,4,0.0,0.0,11.216666666666667,4,26,2.8508333333333336,7953,0.0637495284798189,30515,0.1807307881369818
u49,1365041094,1,2,0.0,0.0,10.090277777777779,7,18,3.6694444444444443,8002,0.0442389402649337,32823,0.182097919142065
u49,1364972278,1,3,0.0,0.0,11.648333333333333,7,23,2.2344444444444442,7592,0.042149631190727,28969,0.1609996893230695
u49,1365055311,0,4,0.0,0.0,10.525555555555556,5,20,3.776111111111111,7970,0.0637390213299874,33108,0.1882022471910112
u49,1365120198,1,2,0.0,0.0,5.996388888888889,2,24,2.6463888888888887,7889,0.0539992394473317,29968,0.162506673785371
u49,1365451370,1,2,0.0,0.0,5.337777777777778,4,37,4.314166666666667,7324,0.0660841070453304,34432,0.1955157992565055
u49,1365214087,0,4,0.0,0.0,5.732777777777778,2,8,0.5852777777777778,6744,0.064650059311981,22787,0.0346688901566682
u49,1365301643,0,5,0.0,0.0,11.713611111111112,4,32,3.3275,6179,0.0652209095322867,27709,0.1527301598758526
u49,1365361504,0,5,0.0,0.0,17.18111111111111,5,18,2.4047222222222224,7820,0.0491048593350383,29265,0.0842303092431231
u49,1365388701,0,4,0.0,0.0,17.309722222222224,5,9,0.6955555555555556,7472,0.0472430406852248,24389,0.0501455574234286
u49,1365494971,0,5,0.0,0.0,5.248611111111111,4,30,3.671111111111111,7934,0.0491555331484749,32859,0.1727989287562007
u49,1365634704,0,5,0.0,0.0,5.101111111111111,3,17,2.725277777777778,7986,0.0470823941898322,30105,0.1718983557548579
u49,1366188746,0,4,0.0,0.0,8.223333333333333,4,21,1.7916666666666667,7660,0.0570496083550913,26643,0.1229591262245242
u49,1365720841,0,5,0.0,0.0,6.908888888888889,2,32,4.970277777777778,7970,0.0431618569636135,36584,0.2621364530942489
u49,1365832925,0,4,0.0,0.0,4.588888888888889,1,9,0.5219444444444444,7867,0.0419473751112241,24511,0.0625433478846232
u49,1365883310,0,4,0.0,0.0,5.7619444444444445,2,0,0.0,7262,0.0402093087303773,22094,0.0004073504118765
u49,1365890743,0,5,0.0,0.0,5.823888888888889,2,0,0.0,7233,0.0754873496474491,22094,0.0004073504118765
u49,1365977173,0,4,0.0,0.0,9.063333333333333,5,10,0.6797222222222222,7098,0.0545224006762468,21819,0.0649433979559099
u49,1366057765,0,4,0.0,0.0,7.195833333333334,5,39,3.7605555555555554,6998,0.0471563303801086,30432,0.242639327024185
u49,1366259901,1,3,0.0,0.0,7.151111111111111,5,31,2.5425,7890,0.0435994930291508,29586,0.1481105928479686
u49,1366273849,0,4,0.0,0.0,5.931111111111111,4,32,2.5705555555555555,7946,0.0361188019129121,29826,0.1471870180379534
u49,1366704185,0,5,0.0,0.0,5.826666666666667,4,22,3.611666666666667,6842,0.0618240280619701,29761,0.2693121870904875
u49,1366999409,1,2,0.0,0.0,6.915277777777778,6,29,4.096111111111111,7954,0.0626100075433744,33993,0.2417850733974642
u49,1367208022,0,4,0.0,0.0,10.563055555555556,2,0,0.0,8038,0.0205274944015924,31630,0.2279165349351881
u49,1367294855,0,5,0.0,0.0,5.549444444444444,3,3,0.15611111111111112,4986,0.0693943040513437,24696,0.2514172335600907
u49,1367280189,0,5,0.0,0.0,5.720833333333333,2,0,0.0,4995,0.0754754754754754,26947,0.3051545626600364
u49,1367385389,0,4,0.0,0.0,6.757777777777778,4,0,0.0,7854,0.0481283422459893,30006,0.1782310204625741
u49,1368039553,0,4,0.0,0.0,11.6775,6,0,0.0,6851,0.0544446066267698,29622,0.2245290662345554
u49,1367704883,1,3,0.0,0.0,1.4602777777777778,1,0,0.0,3201,0.0259293970634176,12797,0.1833242166132687
u49,1367950018,0,5,0.0,0.0,8.861666666666666,6,0,0.0,7698,0.0502727981293842,25011,0.0617328375514773
u49,1368216611,0,4,0.0,0.0,3.7430555555555554,3,0,0.0,7521,0.0566414040686078,28103,0.1500907376436679
u49,1367906520,1,3,0.0,0.0,7.940277777777778,5,0,0.0,7692,0.0608424336973478,25367,0.0951630070564118
u49,1367816068,0,4,0.0,0.0,3.3280555555555558,1,0,0.0,5978,0.0496821679491468,19860,0.1076032225579053
u49,1368756687,0,5,6.613888888888889,11.622777777777777,12.273333333333333,4,44,7.722777777777778,15338,0.0490285565262746,69765,0.2711961585322153
u49,1368584272,1,2,5.980277777777777,11.922777777777778,12.328055555555556,6,38,7.1175,14634,0.037993713270466,64217,0.2518336266097762
u49,1368842786,0,5,6.029444444444445,11.55861111111111,13.191666666666666,4,29,6.013888888888889,11986,0.039379275821792,58158,0.3409849031947453
u49,1368858774,0,5,3.504722222222222,7.1175,13.191666666666666,4,23,5.698333333333333,12705,0.0364423455332546,59637,0.3295437396247296
u49,1368994907,0,5,3.4644444444444447,9.723333333333333,17.33388888888889,6,66,9.528611111111111,15524,0.1513785106931203,83735,0.3305905535319758
u49,1368906184,1,2,1.9691666666666667,3.8730555555555557,12.654166666666667,5,22,3.3827777777777777,15869,0.0148717625559266,58979,0.1912206039437766
u49,1369281763,0,5,8.241388888888888,17.130277777777778,19.025555555555556,4,56,9.082222222222223,11718,0.019115890083632,59204,0.3558036619147355
u49,1369336462,0,4,6.595555555555555,6.595555555555555,23.065833333333334,5,35,6.2508333333333335,13821,0.0584617610881991,68039,0.2873352048090066
u49,1369371636,0,4,0.0,0.0,17.141111111111112,5,34,5.578333333333333,13433,0.0776446065659197,69783,0.2913460298353467
u49,1369889811,0,5,5.74,10.8375,17.81,3,14,1.1391666666666667,13399,0.0495559370102246,24958,0.0886689638592835
u49,1369986764,1,2,3.986111111111111,10.402777777777779,19.969722222222224,2,82,11.366944444444444,15833,0.0454746415714015,79167,0.3097376432099233
u50,1364981112,1,2,5.478055555555556,5.478055555555556,17.914166666666667,7,36,3.236388888888889,8257,0.0300351217149085,31465,0.2264102971555696
u50,1365719149,1,2,6.160277777777778,9.419444444444444,7.375,4,34,4.144166666666667,8274,0.0099105632100555,33853,0.2721472247658996
u50,1365997739,1,2,5.500555555555556,5.500555555555556,3.676111111111111,2,23,1.4366666666666668,8333,0.0,26516,0.1113667219791823
u50,1366068641,1,2,8.8025,11.808333333333334,8.059722222222222,4,36,4.227222222222222,7655,0.0326583932070542,34139,0.2575646621166408
u51,1364972032,1,2,7.915555555555556,19.845,18.87611111111111,7,42,5.294722222222222,7888,0.0769523326572008,37514,0.2600629098469904
u51,1364950505,1,2,9.198333333333334,19.938333333333333,17.120555555555555,6,35,4.2091666666666665,7880,0.0865482233502538,33813,0.2221334989501079
u51,1365228563,0,4,3.11,11.009444444444444,20.29083333333333,8,43,4.601944444444444,7726,0.1391405643282423,35181,0.211506210738751
u51,1366066810,1,2,3.2216666666666667,3.2216666666666667,20.2425,5,25,2.965,8101,0.0845574620417232,31118,0.1947425927116138
u51,1366100080,1,2,3.2216666666666667,8.373611111111112,18.690555555555555,6,41,3.8558333333333334,7995,0.0878048780487804,33733,0.2137965790175792
u51,1366151425,1,2,2.4255555555555555,7.5775,21.389722222222222,6,40,2.9730555555555553,8162,0.0360205831903945,30887,0.1721759963738789
u51,1366258100,1,2,10.840555555555556,18.27138888888889,19.74277777777778,4,34,3.1425,8181,0.0641730839750641,31384,0.2091192964567932
u51,1367366780,1,3,9.552777777777777,18.267777777777777,18.22111111111111,5,30,3.033333333333333,8262,0.0359477124183006,30890,0.188928455810942
u51,1367477005,1,3,0.0,0.0,0.0,0,0,0.0,8340,0.0,22446,0.0028067361668003
u51,1367558707,1,2,7.96,12.559444444444445,13.376666666666667,3,14,1.2747222222222223,8259,0.054728175323889,26069,0.0857723733169665
u51,1368737416,1,2,5.706666666666667,6.9158333333333335,13.301666666666666,6,23,1.9555555555555555,8129,0.0489605117480624,28013,0.1570699318173705
u51,1369120733,1,2,1.668611111111111,4.523333333333333,13.249722222222223,4,33,2.488611111111111,8127,0.1271071736188015,29499,0.1364114037763992
u51,1369037869,1,2,0.0,0.0,19.180555555555557,4,2,0.11472222222222223,8313,0.0322386623361,22786,0.0129026595277802
u51,1369256297,1,2,1.3466666666666667,2.5144444444444445,10.960833333333333,4,44,5.036666666666667,8121,0.0426055904445265,36484,0.2784782370354128
u51,1369368019,1,2,2.9625,8.433055555555555,10.214722222222223,2,29,3.9558333333333335,8297,0.0407376160057852,33314,0.2481539292789818
u52,1364682245,1,2,4.371944444444445,13.491388888888888,16.85361111111111,6,29,4.873333333333333,4185,0.1185185185185185,36302,0.2303454355131948
u52,1364767884,1,2,3.7377777777777776,7.4125,7.026111111111111,4,9,1.2469444444444444,2419,0.2004960727573377,17729,0.2092616616842461
u52,1364971464,0,5,4.0375,16.47138888888889,19.84722222222222,8,27,2.2047222222222222,2904,0.3877410468319559,28606,0.1458435293295112
u52,1365035814,0,5,8.038611111111111,19.448333333333334,20.157222222222224,9,18,1.8197222222222222,2269,0.9078889378580872,27668,0.1307647824201243
u52,1365065874,0,5,3.993611111111111,18.50638888888889,19.213055555555556,10,17,3.106388888888889,1905,0.8346456692913385,31265,0.1987206141052294
u52,1365452631,1,3,4.3261111111111115,5.764722222222222,9.713055555555556,4,8,0.5225,3452,0.138180764774044,184066,0.9212945356556888
u52,1365209113,1,3,5.9725,16.476666666666667,17.729444444444443,10,8,2.8961111111111113,4274,0.0926532522227421,30452,0.1832720346775253
u52,1365274587,1,3,2.8069444444444445,4.610555555555556,7.4447222222222225,6,8,0.41555555555555557,1900,0.1273684210526315,11111,0.066330663306633
u52,1365304983,1,3,2.6969444444444446,5.473888888888889,8.966111111111111,4,10,1.2638888888888888,2190,0.1264840182648401,15257,0.1474732909484171
u52,1365495923,0,5,4.045833333333333,10.233333333333333,11.813055555555556,4,12,2.3230555555555554,3913,0.1160235113723485,26803,0.2044174159608999
u52,1366260396,0,4,0.0,0.0,7.052222222222222,4,9,2.0452777777777778,3198,0.047842401500938,23752,0.1791007073088582
u52,1365718338,0,5,1.7755555555555556,5.9525,15.5225,8,32,4.967777777777778,4286,0.0881941203919738,36456,0.2581193767829712
u52,1365895486,0,5,8.488888888888889,12.261111111111111,19.436666666666667,7,20,2.4819444444444443,4201,0.0873601523446798,29514,0.17300264281358
u52,1365981928,1,2,2.3794444444444443,6.205555555555556,7.425833333333333,5,26,3.597777777777778,2570,0.067704280155642,25332,0.2567503552818569
u52,1366171612,0,4,6.516666666666667,12.212777777777777,13.246666666666666,5,7,0.8733333333333333,3640,0.0925824175824175,22343,0.0911694938011905
u52,1366273148,0,5,0.0,0.0,9.241111111111111,3,9,2.0452777777777778,3155,0.0450079239302694,23752,0.1787638935668575
u52,1367216409,1,2,3.819722222222222,7.875,20.176666666666666,5,20,1.0327777777777778,4063,0.0829436377061284,25387,0.0808681608697364
u52,1366704227,1,2,6.147222222222222,11.01361111111111,9.825277777777778,4,16,2.9044444444444446,3419,0.0941795846738812,26381,0.2286494067700238
u52,1366999576,1,2,6.4,10.746944444444445,18.02166666666667,7,16,1.4502777777777778,4217,0.1465496798672041,26514,0.0862186014935505
u52,1368733353,1,2,2.838888888888889,9.796666666666667,14.788333333333334,7,7,0.4386111111111111,3804,0.1464248159831756,23722,0.0518927577775904
u52,1368672823,1,2,2.751388888888889,6.723611111111111,4.159722222222222,3,5,0.5072222222222222,3877,0.1222594789785917,23638,0.0408240967932989
u52,1368936004,1,3,1.8716666666666666,4.256388888888889,17.875555555555554,3,6,1.2361111111111112,3339,0.0613956274333632,21683,0.0680717612876447
u52,1369119510,1,3,5.931388888888889,10.713055555555556,16.993333333333332,5,19,1.603611111111111,4177,0.0943260713430691,27006,0.1233799896319336
u52,1369163714,1,3,6.312777777777778,12.97,18.953333333333333,7,18,1.4638888888888888,4039,0.131468185194355,26653,0.1176227816756087
u52,1369455023,0,5,3.7172222222222224,10.356111111111112,19.529722222222222,8,6,1.0022222222222221,3933,1.0,25356,0.0634563811326707
u53,1364678390,1,2,2.41,2.41,3.533611111111111,2,32,5.507777777777778,7701,0.0657057524996753,37928,0.2267717781058848
u53,1364953819,0,4,6.832777777777777,16.467222222222222,13.591111111111111,6,22,2.8405555555555555,7321,0.0314164731594044,29192,0.2236229103864072
u53,1364797372,1,2,6.48,15.793055555555556,18.95111111111111,4,28,8.715,7739,0.0069776456906577,46984,0.4299123105738123
u53,1365120175,1,3,3.6430555555555557,4.725555555555555,9.406666666666666,5,21,7.821944444444444,8174,0.0095424516760459,44252,0.4509174726566031
u53,1365144672,0,4,5.612777777777778,10.338333333333333,14.9025,6,33,5.8825,8175,0.0073394495412844,38968,0.340381851775816
u53,1365217504,1,2,5.553888888888889,13.373888888888889,16.25888888888889,3,36,9.588611111111112,7989,0.0332957816998372,49321,0.4417388130816488
u53,1365992050,1,2,7.096666666666667,9.488055555555556,11.083333333333334,2,41,3.2630555555555554,7472,0.0796306209850107,31846,0.1548389122652766
u53,1366115179,1,2,5.7619444444444445,20.430833333333332,19.227222222222224,7,26,3.5183333333333335,8123,0.0434568509171488,32196,0.2624239035905081
u53,1366715379,0,4,7.134166666666666,14.16,15.810277777777777,6,30,3.2472222222222222,8078,0.0116365436989353,31634,0.2236833786432319
u53,1367271780,1,2,2.2511111111111113,4.693611111111111,7.950277777777778,5,15,2.924722222222222,8085,0.011873840445269,30820,0.2213497728747566
u53,1368670597,1,2,0.0,0.0,5.233055555555556,3,22,4.474166666666667,8059,0.034495594986971,34940,0.2567544361763022
u53,1368741184,1,3,0.0,0.0,18.053333333333335,3,42,3.307777777777778,8240,0.00376213592233,31882,0.1627877799385233
u53,1368844078,1,2,0.0,0.0,19.010833333333334,4,73,6.406944444444444,8271,0.0002418087292951,40603,0.2782060438883826
u54,1365055418,1,2,7.607222222222222,8.802777777777777,4.546111111111111,2,17,0.9177777777777778,7911,0.0608014157502212,24983,0.079053756554457
u54,1365120095,1,3,8.938055555555556,10.920555555555556,10.575,3,23,5.889166666666667,7932,0.0663136661623802,38974,0.3647816493046646
u54,1365279152,0,4,1.968888888888889,1.968888888888889,13.420833333333333,3,9,3.3219444444444446,6405,0.0936768149882904,28382,0.2656965682474808
u54,1366186486,0,4,5.433888888888889,7.067777777777778,7.921111111111111,3,10,0.6019444444444444,7848,0.0510958205912334,24059,0.0494201754021364
u54,1365808028,1,2,4.1386111111111115,7.8425,13.7125,5,13,1.3211111111111111,8105,0.0309685379395434,26042,0.0671223408340373
u54,1365891474,0,4,4.7811111111111115,9.486666666666666,12.928611111111111,5,19,3.565,8180,0.0129584352078239,32347,0.2543048814418648
u54,1366704061,1,2,5.073611111111111,9.755,5.172777777777778,1,9,1.0055555555555555,7950,0.0285534591194968,89934,0.0289323281517557
u54,1367280016,1,3,1.8780555555555556,4.901944444444444,4.106388888888889,3,56,6.345833333333333,5149,0.0891435230141775,33152,0.386070222007722
u54,1368072039,0,4,1.9127777777777777,4.236111111111111,7.626111111111111,4,28,5.288333333333333,6148,0.079050097592713,32115,0.3631324926047019
u56,1365381726,0,5,2.0102777777777776,3.0661111111111112,7.804722222222222,4,33,6.961111111111111,8010,0.0191011235955056,41892,0.3209920748591616
u56,1365393280,0,4,2.0102777777777776,3.0661111111111112,4.595277777777778,4,27,4.271944444444444,8128,0.0094734251968503,34276,0.2323491655969191
u56,1365496965,0,5,2.5455555555555556,6.885277777777778,9.050555555555556,3,30,4.288333333333333,7794,0.0488837567359507,34475,0.235097897026831
u56,1365619708,0,5,2.8180555555555555,5.461666666666667,11.666944444444445,4,32,4.888055555555556,8008,0.0569430569430569,36044,0.3042947508600599
u56,1365643452,1,2,4.75,7.870277777777778,9.895555555555555,5,32,4.616666666666666,8083,0.0407027093900779,35252,0.2718710995120844
u56,1366176111,0,5,6.9319444444444445,13.687222222222223,8.834722222222222,2,27,3.4505555555555554,8126,0.0367954713266059,32282,0.2138962889535964
u56,1366063660,1,2,3.992777777777778,5.060833333333333,22.904166666666665,3,29,3.5505555555555555,8105,0.0361505243676742,32466,0.217797080022177
u56,1366087171,1,2,6.522777777777778,9.77111111111111,21.32027777777778,6,20,2.941388888888889,8104,0.0418311944718657,30749,0.2150313831344108
u56,1366435968,0,5,8.388333333333334,8.388333333333334,19.6625,4,19,3.1441666666666666,7738,0.0617730679762212,31147,0.1734677497030211
u56,1367000286,0,5,2.6172222222222223,3.983611111111111,3.9808333333333334,1,34,3.2830555555555554,8068,0.0503222607833415,31656,0.1903904473085671
u56,1367648996,0,5,0.0,0.0,3.620833333333333,2,34,2.2380555555555555,8053,0.0306717993294424,28562,0.1509698200406134
u56,1368991315,0,5,0.8158333333333333,0.8158333333333333,5.1466666666666665,1,20,4.7027777777777775,5464,0.1213396778916544,29662,0.2711212999797721
u56,1369716179,1,2,1.6991666666666667,1.6991666666666667,0.0,0,52,7.574722222222222,8063,0.0451444871635867,43769,0.3014233818455984
u56,1370326632,0,4,0.0,0.0,0.0,0,0,0.0,0,,0,
u57,1364425354,0,4,9.44138888888889,13.346666666666666,13.347222222222221,5,17,4.606111111111111,6230,0.1104333868378812,30783,0.2488061592437384
u57,1364414648,0,5,9.44138888888889,12.14861111111111,12.133611111111112,4,11,3.1544444444444446,5262,0.1020524515393386,23950,0.2648016701461378
u57,1364508029,0,4,7.640555555555555,14.6875,11.568055555555556,4,24,7.400555555555556,7873,0.0945001905245776,43151,0.3779286690922574
u57,1364598030,0,4,1.6355555555555557,3.7980555555555555,0.0,0,16,8.711666666666666,7753,0.0905455952534502,46404,0.3909361261960176
u57,1364767494,0,5,7.634722222222222,12.145555555555555,11.260277777777778,4,29,8.109722222222222,6997,0.1044733457195941,48107,0.3472051884341156
u57,1365494981,0,4,3.9988888888888887,11.199166666666667,9.796666666666667,5,40,6.296111111111111,5971,0.1180706749288226,43379,0.3647617510777104
u57,1365635026,0,4,8.680277777777778,17.567222222222224,16.6,7,40,8.655555555555555,7868,0.1222674123029994,46854,0.3418704913134417
u57,1366046792,1,2,8.225,15.125277777777777,10.4725,5,51,6.180833333333333,7320,0.0849726775956284,50036,0.208250059956831
u57,1365980056,1,2,9.311388888888889,18.636111111111113,14.909444444444444,5,39,7.739722222222222,7997,0.0670251344254095,88495,0.128640036160235
u57,1365970001,1,2,9.311388888888889,18.496666666666666,13.993333333333334,4,33,7.345833333333333,7995,0.0556597873671044,86805,0.1345544611485513
u57,1366056717,1,2,8.225,13.3275,8.510833333333334,4,47,7.184166666666667,7243,0.1063095402457545,46653,0.2566394444087197
u57,1366085251,1,2,8.225,15.681111111111111,12.20861111111111,4,22,5.766666666666667,7752,0.0767543859649122,37868,0.2906675821273898
u57,1366208730,1,3,1.565,2.6225,14.055833333333334,5,42,6.945555555555556,8033,0.0680941117888709,42019,0.3193793283990576
u57,1366171218,1,2,1.565,3.681388888888889,13.732777777777779,6,29,4.849722222222222,8029,0.0687507784281977,36217,0.2674710771184803
u57,1366434019,1,2,8.438333333333333,10.676944444444445,9.959166666666667,5,27,9.549444444444445,7376,0.1075108459869848,49238,0.3995897477557983
u57,1366573117,1,2,5.563611111111111,13.121666666666666,11.24611111111111,4,16,5.971111111111111,7579,0.0283678585565378,38286,0.3457660763725644
u57,1366705283,1,3,5.645277777777777,17.360555555555557,16.459444444444443,5,30,7.286111111111111,8070,0.0659231722428748,43007,0.3815192875578394
u57,1366825032,1,3,7.5825,20.096666666666668,14.58,6,44,6.1338888888888885,8020,0.0533665835411471,39556,0.3017746991606836
u57,1366914536,1,3,3.4916666666666667,3.4916666666666667,7.039722222222222,3,41,7.073333333333333,7395,0.0681541582150101,40684,0.3488103431324353
u57,1366999349,1,3,6.7347222222222225,12.5675,11.104166666666666,4,28,7.047777777777778,7482,0.0652232023523122,40958,0.360442404414278
u57,1367193703,1,3,7.472222222222222,13.764722222222222,10.6825,3,34,6.3805555555555555,7741,0.1379666709727425,40352,0.2647948057097541
u57,1367209368,1,3,7.472222222222222,11.249444444444444,10.403888888888888,4,28,4.288055555555555,7782,0.1368542791056283,34412,0.2283215157503196
u57,1367266159,1,3,6.6883333333333335,10.399444444444445,9.186666666666667,3,25,4.036666666666667,7976,0.101680040120361,33705,0.2450971665924937
u57,1367294634,1,2,6.6883333333333335,9.204722222222221,8.070555555555556,2,19,5.1325,7003,0.102099100385549,34251,0.2847216139674754
u57,1367385902,1,2,5.951944444444444,8.4475,9.5775,3,53,5.094722222222222,7831,0.0823649597752522,36904,0.2521948840234121
u57,1367471686,1,3,6.633055555555556,10.891388888888889,12.178888888888888,6,35,8.495833333333334,7775,0.0697106109324758,46397,0.3769855809642864
u57,1367557218,1,2,8.879722222222222,14.873888888888889,14.286111111111111,5,25,2.841666666666667,8019,0.0829280458910088,30451,0.1493547009950412
u57,1367812838,1,3,6.873055555555555,11.433333333333334,11.148055555555555,3,34,5.63,8023,0.0649383023806556,38135,0.2880818146060049
u57,1368072232,0,4,6.788611111111111,11.422222222222222,11.268055555555556,5,32,5.0969444444444445,7866,0.0888634630053394,36379,0.2402759833970147
u57,1368937284,1,2,4.681666666666667,10.361666666666666,6.8475,5,34,7.39,7566,0.162305048902987,43227,0.293080713442987
u57,1370240001,0,5,0.0,0.0,0.0,0,0,0.0,0,,0,
u58,1364683058,0,4,5.302777777777778,9.590833333333334,18.983333333333334,6,28,10.830277777777777,7977,0.0299611382725335,52396,0.4485266050843576
u58,1365033775,1,2,9.282777777777778,12.695833333333333,8.705,2,21,6.328611111111111,7901,0.0612580685989115,39932,0.3904888310127216
u58,1365122647,1,2,8.7925,10.982777777777779,6.801944444444445,2,27,5.4025,6598,0.092149136101849,37210,0.319000268744961
u58,1365481108,0,5,6.2027777777777775,10.761666666666667,14.356388888888889,4,29,5.303333333333334,8228,0.0142197374817695,37350,0.2404819277108433
u58,1365806422,0,5,8.593333333333334,18.536666666666665,14.6275,6,29,7.666666666666667,8077,0.0363996533366348,45041,0.3685530960680269
u58,1366258302,1,2,8.099444444444444,15.33361111111111,12.28888888888889,2,38,9.045555555555556,8042,0.0613031584183039,47697,0.4254774933433968
u58,1366215469,1,2,9.668055555555556,18.03638888888889,18.29111111111111,4,35,6.916388888888889,7804,0.0251153254741158,41740,0.3784379492093914
u58,1365973504,1,2,1.6369444444444445,1.6369444444444445,5.2225,2,36,7.981944444444444,7682,0.0249934912783129,44318,0.2995171262241076
u58,1365987428,1,2,1.6369444444444445,1.6369444444444445,8.42361111111111,3,41,8.191666666666666,7927,0.0140027753248391,45390,0.2798634060365719
u58,1366128028,1,2,3.5269444444444447,7.8261111111111115,17.23361111111111,6,24,2.046388888888889,7598,0.0354040536983416,28107,0.1521684989504393
u58,1366165966,1,2,4.423333333333333,9.154444444444444,18.93888888888889,5,40,5.136111111111111,7448,0.025375939849624,36681,0.2900139036558436
u58,1366272010,1,2,4.291666666666667,12.581666666666667,8.481111111111112,2,38,9.441666666666666,8020,0.0614713216957606,48811,0.4365409436397533
u58,1366518906,0,5,3.2230555555555553,6.283611111111111,10.673055555555555,5,0,0.0,7896,0.0227963525835866,22511,0.0
u58,1366595600,1,2,2.233888888888889,6.4688888888888885,6.168333333333333,4,16,1.4375,8203,0.0171888333536511,26376,0.0729451016075219
u58,1366728751,0,5,3.81,7.1258333333333335,5.476388888888889,4,3,1.6691666666666667,7807,0.015883181759959,27114,0.1456074352732905
u58,1366999235,1,2,8.077222222222222,17.408055555555556,13.786111111111111,4,0,0.0,7654,0.0441599163835902,21733,0.0
u58,1367300414,1,2,2.5516666666666667,4.317222222222222,17.78388888888889,4,0,0.0,8317,0.0125045088373211,22496,0.0004445234708392
u58,1367179225,1,2,1.6105555555555555,4.191388888888889,18.30361111111111,6,0,0.0,8118,0.0424981522542498,22380,0.0002234137622877
u58,1367212750,1,2,1.6105555555555555,1.6105555555555555,20.376666666666665,5,0,0.0,8312,0.0012030798845043,22428,0.000222935616194
u58,1368011532,1,2,11.172777777777778,22.783055555555556,14.491944444444444,4,26,3.1622222222222223,8171,0.0577652674091298,30647,0.2436127516559532
u58,1368036227,1,2,13.833333333333334,21.89611111111111,14.718055555555555,3,25,1.1713888888888888,8152,0.0577772325809617,25442,0.1039619526766763
u58,1368758344,1,2,10.806111111111111,15.981944444444444,22.538333333333334,6,29,5.2588888888888885,8059,0.0457873185258716,37206,0.2681019190453153
u58,1367954593,1,2,5.943888888888889,12.359444444444444,19.828333333333333,5,36,4.344166666666666,8309,0.0208207967264412,34147,0.2743139953729464
u58,1367812810,1,2,2.2622222222222224,4.354722222222223,2.067222222222222,1,13,2.0669444444444443,2090,0.1325358851674641,11479,0.4427214914191131
u58,1368416721,0,5,8.762777777777778,13.336388888888889,9.676666666666666,1,32,10.818055555555556,8053,0.0805910840680491,52690,0.4296830518124881
u58,1368741322,1,2,10.806111111111111,14.086944444444445,21.833333333333332,6,34,6.5744444444444445,8054,0.0574869629997516,40963,0.3158704196469985
u58,1368820423,1,2,5.814444444444445,7.266111111111111,7.397777777777778,4,20,5.723333333333334,8120,0.030911330049261,38519,0.3076144240504686
u58,1369040265,1,2,6.813611111111111,17.51527777777778,13.359722222222222,4,21,3.131388888888889,8319,0.0003606202668589,24658,0.2614567280395815
u58,1369120020,1,2,8.008333333333333,15.93388888888889,19.148611111111112,6,29,3.5969444444444445,8242,0.044649356952196,32560,0.2096130221130221
u58,1369299604,1,2,14.165277777777778,14.165277777777778,18.024722222222223,3,17,5.116944444444444,8175,0.0243425076452599,36841,0.2792540919084715
u58,1369339101,1,2,17.713333333333335,21.71388888888889,13.018055555555556,3,36,8.970555555555556,7917,0.0498926360995326,47693,0.3795525548822678
u59,1364701656,0,4,3.4544444444444444,6.097222222222222,13.5675,3,35,6.197777777777778,8896,0.0767760791366906,40398,0.255903757611763
u59,1364767965,0,4,3.4544444444444444,11.984444444444444,19.76888888888889,5,34,4.498888888888889,5213,0.0483406867446767,35126,0.2435802539429482
u59,1365042510,0,5,5.159166666666667,16.759722222222223,15.010555555555555,7,39,11.559166666666666,5311,0.1662587083411786,54644,0.4743430202767001
u59,1364363094,0,4,0.0,0.0,0.0,0,2,0.05333333333333334,587,0.0136286201022146,1455,0.081786941580756
u59,1364377205,1,2,3.3208333333333333,3.3208333333333333,3.3130555555555556,0,2,0.05333333333333334,2211,0.0058796924468566,5141,0.0233417623030538
u59,1364407038,0,4,5.6225,8.110833333333334,7.885277777777778,3,9,1.385,5417,0.117408159497877,16654,0.1608622553140386
u59,1364448701,0,4,5.6225,10.446666666666667,8.83,4,32,7.114722222222222,9430,0.125238600212089,42385,0.3145924265660021
u59,1364498774,0,4,4.282777777777778,7.102222222222222,5.214722222222222,1,44,8.2225,8044,0.1214569865738438,46065,0.352979485509606
u59,1364508032,0,5,4.282777777777778,7.556666666666667,5.669444444444444,2,35,8.256944444444445,8133,0.1125046108447067,46098,0.3603843984554644
u59,1364541925,1,2,4.282777777777778,8.7025,8.203333333333333,3,26,5.437222222222222,7598,0.1037115030271123,40625,0.3397415384615385
u59,1364550857,0,4,3.9944444444444445,9.489444444444445,8.993333333333334,3,25,5.420555555555556,7379,0.1035370646429055,40599,0.3384812433803788
u59,1364590270,0,4,6.425833333333333,8.707777777777778,7.609166666666667,3,32,5.153888888888889,7755,0.1199226305609284,40049,0.3018052885215611
u59,1364576030,0,4,6.425833333333333,9.332222222222223,8.233055555555556,3,24,5.61,7811,0.0824478299833568,41394,0.3479248200222254
u59,1365025230,0,5,5.159166666666667,16.199166666666667,13.389444444444445,6,45,9.838055555555556,5347,0.2051617729567982,49949,0.4169252637690444
u59,1364601722,0,5,6.425833333333333,8.707777777777778,7.609166666666667,3,40,5.870833333333334,7789,0.1174733598664783,41981,0.3086872632857721
u59,1364681627,0,4,0.8680555555555556,0.8680555555555556,8.312777777777777,1,27,8.2575,9031,0.1235743549994463,46231,0.2996690532326794
u59,1364731436,0,4,3.4544444444444444,9.92388888888889,16.614722222222223,5,35,5.549444444444444,6967,0.0400459308167073,38916,0.2548309178743961
u59,1364766369,0,4,3.4544444444444444,11.984444444444444,19.76888888888889,5,35,4.566111111111111,5203,0.0484335960023063,35256,0.2461708645336963
u59,1364807374,0,4,3.9744444444444444,11.116388888888888,17.954166666666666,3,19,3.341388888888889,4077,0.0625459896983075,31878,0.2195558065123282
u59,1365029963,0,4,5.159166666666667,16.1875,13.37861111111111,7,44,10.625277777777777,5392,0.1934347181008902,52029,0.4478848334582637
u59,1364843162,0,5,6.029444444444445,17.016111111111112,15.919444444444444,5,27,7.881111111111111,5198,0.1081185071181223,44546,0.3856462982085933
u59,1365011984,0,4,5.159166666666667,17.11916666666667,12.857222222222223,5,38,10.475555555555555,5445,0.1829201101928374,51828,0.455776800185228
u59,1364862698,0,4,6.029444444444445,14.820555555555556,13.761666666666667,5,35,9.55861111111111,5043,0.139797739440809,49242,0.3861744039640957
u59,1365015993,0,4,5.159166666666667,17.0825,12.824444444444444,6,37,10.446111111111112,5297,0.2033226354540306,51754,0.4469799435792402
u59,1365008864,0,4,5.159166666666667,17.705833333333334,12.908888888888889,4,39,10.478333333333333,5478,0.1829134720700986,51828,0.4405340742455815
u59,1365048599,0,4,5.159166666666667,16.637777777777778,16.084444444444443,8,40,10.6775,5373,0.1654569142006328,52135,0.4456315335187494
u59,1365127477,1,2,5.383055555555556,13.016111111111112,14.86111111111111,6,44,8.668888888888889,8270,0.0851269649334945,52224,0.3876761642156863
u59,1365132363,1,2,5.383055555555556,12.41388888888889,14.8525,7,45,8.372777777777777,8793,0.0780166041169111,52719,0.3757279159316375
u59,1365134530,1,2,5.383055555555556,12.901388888888889,15.339722222222223,6,47,8.5475,9076,0.0751432349052446,53830,0.3724874605238714
u59,1365161872,1,3,8.951944444444445,13.998333333333333,17.078055555555554,4,52,9.1575,12527,0.0555599904206913,62751,0.3355962454781597
u59,1365180721,0,4,9.993611111111111,14.256666666666666,21.58277777777778,6,67,9.087777777777777,14763,0.0782361308677098,68256,0.2838724800750117
u59,1365313481,0,5,2.3602777777777777,5.268611111111111,9.499166666666667,2,24,2.183611111111111,9999,0.0868086808680868,37374,0.0892866698774549
u59,1365370457,0,4,7.630833333333333,10.346944444444444,8.993055555555555,2,26,1.3586111111111112,7059,0.089814421306134,23419,0.1051710149878304
u59,1365465734,0,5,5.304166666666666,8.160277777777777,7.7683333333333335,3,45,6.028611111111111,7658,0.158527030556281,39524,0.2533650440238842
u59,1365462038,1,3,5.304166666666666,8.573055555555555,7.7683333333333335,3,46,5.764722222222222,7652,0.1598274960794563,38775,0.256428110896196
u59,1365976956,0,5,2.0694444444444446,4.3805555555555555,2.9763888888888888,1,95,7.073055555555555,37578,0.1465485124274841,89466,0.1326313906959068
u59,1366071451,0,4,1.4613888888888888,2.5719444444444446,1.1116666666666666,1,110,7.49,38118,0.0935778372422477,89062,0.1371179627675103
u59,1365724612,0,5,4.51,6.723611111111111,7.456388888888889,3,29,2.8722222222222222,10269,0.1119875353004187,24328,0.2391894113778362
u59,1365494950,0,5,3.9783333333333335,9.903055555555556,9.525833333333333,3,35,5.8261111111111115,8398,0.1202667301738509,38900,0.2563496143958869
u59,1365800403,0,4,6.190555555555555,8.80861111111111,6.756666666666667,2,78,6.0841666666666665,39667,0.1038394635339198,89814,0.1132562852116596
u59,1365552733,0,5,6.9191666666666665,10.440277777777778,9.685277777777777,3,26,5.816111111111111,9098,0.080347329083315,38107,0.2898680032539953
u59,1365660567,0,4,6.6786111111111115,9.939166666666667,8.696111111111112,3,11,2.3647222222222224,5663,0.1214903761257284,19351,0.1580280088884295
u59,1365824146,0,4,6.190555555555555,8.950555555555555,6.756666666666667,2,58,6.736944444444444,36040,0.1376248612652608,84664,0.1410516866672966
u59,1365738821,0,4,4.51,6.376111111111111,7.456388888888889,3,49,3.8525,17051,0.0674447246495806,39077,0.1958952836707014
u59,1365702928,0,4,4.51,7.5375,6.5569444444444445,3,4,1.0569444444444445,1432,0.295391061452514,6470,0.2219474497681607
u59,1365717612,0,4,4.51,8.4375,7.456388888888889,3,12,2.0194444444444444,7022,0.12546283110225,17035,0.2617552098620487
u59,1366197567,1,2,1.8105555555555555,2.4258333333333333,1.811388888888889,1,45,4.308888888888889,32381,0.0798925295698094,73941,0.1268984731069366
u59,1365746757,1,2,4.51,7.022222222222222,6.618888888888889,2,62,4.613888888888889,20670,0.0641993226898887,47344,0.1910696181142278
u59,1365815169,0,4,6.190555555555555,8.950555555555555,6.756666666666667,2,73,6.0425,38498,0.119330874331134,88325,0.1203736201528446
u59,1365890989,0,4,9.117222222222223,9.117222222222223,7.281666666666666,1,35,5.217777777777778,34183,0.0914197115525261,78950,0.1154148195060164
u59,1365969954,0,4,2.0694444444444446,3.3116666666666665,1.9077777777777778,1,100,7.706388888888889,37885,0.1152171043948792,89398,0.1446676659433096
u59,1365919398,0,4,9.117222222222223,11.186666666666667,9.189444444444444,2,63,4.168333333333333,37507,0.0969419041778868,85863,0.0872902181381969
u59,1365909317,0,4,9.117222222222223,11.186666666666667,9.189444444444444,2,46,4.9383333333333335,36778,0.1377725814345532,84153,0.0946133827671027
u59,1366049180,1,2,2.1127777777777776,3.917222222222222,2.456111111111111,1,85,7.391944444444444,37937,0.149906423807892,89068,0.1384111016302151
u59,1366092237,0,4,1.4613888888888888,2.5719444444444446,1.1116666666666666,1,85,6.436111111111111,37273,0.0981139162396372,86261,0.1211903409420247
u59,1366084853,0,4,1.4613888888888888,2.5719444444444446,1.1116666666666666,1,112,7.708888888888889,38686,0.0912216305640283,89858,0.139642547129916
u59,1366156988,0,4,1.8105555555555555,1.8105555555555555,1.811388888888889,1,50,4.7572222222222225,21386,0.1384083044982699,50622,0.198885859902809
u59,1366307891,0,4,4.2411111111111115,5.916666666666667,0.8036111111111112,1,97,9.618055555555555,37927,0.0803121786590028,89166,0.1808761186999529
u59,1366315385,0,4,4.2411111111111115,7.195,1.6016666666666666,1,83,8.844444444444445,38123,0.075912178999554,89251,0.1694322752686244
u59,1366343945,0,4,4.2411111111111115,7.254166666666666,1.6016666666666666,1,75,6.516388888888889,36662,0.0764824614041787,84251,0.1368529750388719
u59,1366404731,0,5,6.579722222222222,7.824166666666667,7.571944444444444,2,69,9.091666666666667,35694,0.1280887544125063,84134,0.1975420163073192
u59,1366412788,0,5,6.579722222222222,7.824166666666667,7.571944444444444,2,70,10.181944444444444,36786,0.1438047083129451,87095,0.2146506688099202
u59,1366431730,0,4,6.579722222222222,8.165555555555555,7.571944444444444,2,65,11.158055555555556,37911,0.1444435651921606,89785,0.2293701620537951
u59,1366437236,0,4,5.36,8.475277777777778,6.348055555555556,2,62,12.351944444444445,37724,0.2047767999151733,89786,0.2366070434143407
u59,1366913294,0,4,5.3225,6.7275,7.476111111111111,3,83,8.125,39141,0.1205385656983725,89624,0.1781888779791127
u59,1366732940,1,3,2.098888888888889,3.2797222222222224,3.2725,1,99,13.158888888888889,38150,0.0690694626474443,87590,0.2728279483959356
u59,1366770504,0,4,3.566388888888889,7.2775,4.6275,2,88,12.731666666666667,39167,0.0810631398881711,89680,0.2778099910793934
u59,1366964248,0,4,4.537222222222222,8.715833333333334,6.365555555555556,1,74,9.125,38656,0.1177566225165562,89525,0.2188327282881876
u59,1366836418,0,4,1.7530555555555556,1.7530555555555556,0.0,0,42,5.054166666666666,25336,0.0839516892958636,57342,0.1846116284747654
u59,1366854317,0,4,1.2752777777777777,1.2752777777777777,1.2752777777777777,0,52,4.951944444444444,25475,0.0623748773307163,57342,0.1671724041714624
u59,1366934077,0,4,5.3225,8.45111111111111,7.476111111111111,3,82,9.598333333333333,38324,0.1498799707754931,89527,0.2008556078054665
u59,1366951052,0,4,5.3225,7.170833333333333,5.235,2,70,9.606944444444444,38425,0.1234352635003253,89524,0.2338367365175818
u59,1367348604,1,3,2.3441666666666667,3.443888888888889,2.786111111111111,1,120,12.765555555555556,37173,0.0526457374976461,85477,0.2779227160522713
u59,1366920024,0,4,5.3225,8.45111111111111,7.476111111111111,3,82,8.824722222222222,38656,0.1464197019867549,89624,0.1853521378202267
u59,1367127257,0,4,9.915,11.956944444444444,11.7025,4,65,5.659166666666667,41207,0.0708374790690902,96051,0.1025913316883738
u59,1367097314,0,4,9.915,9.915,9.72861111111111,3,68,8.814444444444444,40587,0.0705891048858008,91871,0.1457260724276431
u59,1367113049,0,4,9.915,11.956944444444444,11.7025,4,71,6.1675,40812,0.1062432617857492,96126,0.0963423007302914
u59,1367193693,1,2,5.790555555555556,9.422222222222222,2.0941666666666667,1,40,3.105,25100,0.1737848605577689,57931,0.0827190968566052
u59,1367265614,0,4,5.070833333333334,7.163888888888889,6.363611111111111,2,66,6.469166666666666,37051,0.1211303338641332,86132,0.1458343008405702
u59,1367251139,0,4,5.070833333333334,8.381944444444445,6.363611111111111,2,59,5.657777777777778,32630,0.108581060373889,75010,0.1516731102519664
u59,1367318958,1,3,0.8086111111111111,0.8086111111111111,0.012777777777777779,1,121,13.398055555555555,36824,0.0647946991092765,85481,0.2804131912354792
u59,1367460108,0,4,4.460277777777778,6.931111111111111,4.6625,3,41,3.9697222222222224,38631,0.1146488571354611,89090,0.1089796834661578
u59,1367510601,0,4,5.981944444444444,8.546944444444444,8.723888888888888,4,51,13.67,34968,0.2027282086479066,85765,0.2508715676558036
u59,1367557242,0,4,5.981944444444444,8.5575,9.542222222222222,2,71,15.091666666666667,37679,0.0862814830542211,88084,0.1767063257799373
u59,1367837064,0,4,2.222777777777778,3.307777777777778,10.355833333333333,4,55,4.184166666666667,32973,0.0520122524489734,86132,0.0932406074397436
u59,1367734823,0,4,2.0933333333333333,3.3088888888888888,9.096944444444444,4,82,5.779166666666667,39822,0.0796293506102154,89805,0.0841155837648237
u59,1368230423,1,3,4.5408333333333335,4.5408333333333335,5.545555555555556,1,59,6.115555555555556,31535,0.0708102108768035,73045,0.1523307550140324
u59,1367663218,0,5,3.432777777777778,6.5938888888888885,6.095833333333333,3,64,7.038888888888889,34380,0.1228330424665503,80071,0.1538384683593311
u59,1368072216,0,4,3.5416666666666665,4.627777777777778,4.194166666666667,2,82,6.773333333333333,34618,0.0594199549367381,78566,0.1452282157676348
u59,1367787368,0,4,2.0933333333333333,3.3088888888888888,11.91611111111111,3,86,5.5825,38021,0.0834012782409721,85815,0.0887024412981413
u59,1368014879,1,2,2.4355555555555557,2.4355555555555557,2.3519444444444444,2,98,7.271111111111111,38541,0.0964946420694844,86727,0.1613684319762011
u59,1368293641,1,2,0.0,0.0,0.0,0,20,0.7205555555555555,5538,0.2201155651859877,15162,0.0538187574198654
u59,1368597797,1,2,0.0,0.0,0.0,0,29,1.2405555555555556,13739,0.0411965936385472,31849,0.0698295079908317
u59,1367893841,0,4,1.085,1.085,4.871111111111111,2,58,4.967222222222222,33474,0.0613909302742426,87058,0.1125801190011256
u59,1368360472,1,3,0.0,0.0,0.0,0,0,0.0,0,,0,
u59,1368605566,1,2,0.0,0.0,0.0,0,22,0.9202777777777778,13829,0.0403499891532287,31940,0.0536005009392611
u59,1368992046,0,4,7.395277777777777,8.75,1.4077777777777778,0,78,6.881388888888889,38376,0.1105378361475922,86373,0.1037708543179002
u59,1368911207,0,4,1.7925,1.7925,0.0,0,67,9.296111111111111,25670,0.337709388391118,60255,0.2269687162891046
u59,1369009480,0,4,7.395277777777777,11.944166666666666,4.6025,2,65,5.705277777777778,38081,0.1407000866573882,87394,0.0918255257798018
u59,1369090445,0,4,3.8641666666666667,5.4319444444444445,1.5683333333333334,2,75,6.53,37550,0.1084154460719041,87662,0.1367753416531678
u59,1369082879,0,4,3.8641666666666667,7.345555555555555,3.4819444444444443,2,60,5.77,37208,0.1231993119759191,87664,0.1265171564154042
u59,1369079292,0,4,3.8641666666666667,7.939722222222223,4.076388888888889,3,59,5.583888888888889,38119,0.1126472362863663,89144,0.1172597146190433
u59,1369162555,0,4,3.6008333333333336,6.206666666666667,2.7505555555555556,1,75,7.1177777777777775,38286,0.0791934388549339,88355,0.1353403882066663
u59,1369181222,0,5,3.6008333333333336,7.378888888888889,3.9233333333333333,2,79,8.730555555555556,39763,0.0568619067977768,89836,0.1524110601540585
u59,1369249112,0,4,6.177777777777778,10.09,3.430277777777778,3,52,4.676388888888889,40223,0.0440295353404768,89521,0.0811541426034114
u59,1369332207,0,4,0.8505555555555555,0.9338888888888889,0.9536111111111111,1,49,5.189722222222223,16991,0.0808663410040609,38978,0.2183282877520652
u59,1370031313,0,5,6.993611111111111,6.993611111111111,6.670277777777778,1,93,8.771944444444445,37326,0.1208005143867545,88376,0.1390875350773965
u59,1369994264,0,4,2.671388888888889,8.650555555555556,7.536388888888889,3,94,7.2411111111111115,37207,0.1002499529658397,85322,0.1424251658423384
u59,1369944204,0,5,7.318888888888889,12.755555555555556,11.41388888888889,4,84,7.231944444444444,37074,0.0921939903975832,83991,0.1461466109464109
u59,1369958489,0,5,7.318888888888889,11.200277777777778,10.093055555555555,4,93,5.954166666666667,37093,0.1032539832313374,84450,0.1119952634695085
u59,1370023706,0,4,6.993611111111111,7.393888888888889,7.072222222222222,2,95,7.879444444444444,37663,0.0843267928736425,85345,0.1509403011307047
u59,1369546466,0,4,2.0658333333333334,2.0658333333333334,9.45111111111111,2,67,5.873888888888889,33986,0.1163125993055964,89202,0.0989551803771215
u59,1369644240,1,2,6.472222222222222,9.68138888888889,9.21888888888889,2,57,4.2188888888888885,33539,0.0797877098303467,79129,0.0885010552389136
u59,1369595864,0,4,7.469166666666666,9.535,9.05638888888889,2,63,5.034166666666667,33835,0.0982710211319639,78864,0.0951004260499087
u59,1369681754,0,4,7.641388888888889,9.726944444444445,8.805833333333334,2,70,5.381111111111111,36551,0.1108588000328308,89222,0.1027437179171056
u59,1369792980,1,2,5.353055555555556,10.087777777777777,5.759444444444444,2,87,6.604444444444445,35069,0.0996891841797599,84567,0.1388603119420104
u59,1369734940,1,2,5.323333333333333,10.50361111111111,8.061666666666667,1,90,5.298333333333333,37235,0.0870954746877937,89463,0.0969339279925779
u59,1369771671,1,2,5.353055555555556,7.909166666666667,5.759444444444444,2,93,7.547777777777778,36075,0.1193901593901593,86252,0.1532834021240087
u59,1369800335,1,2,5.353055555555556,9.43138888888889,5.759444444444444,2,87,6.659722222222222,34964,0.0921519276970598,84555,0.1391165513571048
u59,1369874557,1,2,1.6447222222222222,4.390833333333333,2.7269444444444444,2,123,9.501666666666667,30629,0.0575271801234124,77480,0.2131646876613319
u59,1369858113,1,2,1.9541666666666666,4.123333333333333,1.3166666666666667,1,126,6.888333333333334,29569,0.047583617978288,76067,0.147593568827481
u59,1370059434,0,5,6.993611111111111,8.370833333333334,6.670277777777778,1,75,6.656944444444444,32392,0.1580328476166954,87917,0.0864224211472184
u59,1370416519,0,4,0.0,0.0,0.0,0,0,0.0,0,,0,
u59,1370477165,0,4,0.0,0.0,0.0,0,0,0.0,0,,0,
u59,1370387871,0,4,0.0,0.0,0.0,0,0,0.0,0,,0,
u59,1370335175,0,4,0.0,0.0,0.0,0,0,0.0,0,,0,
u59,1370408804,0,5,0.0,0.0,0.0,0,0,0.0,0,,0,
u59,1370221193,0,4,0.0,0.0,0.0,0,0,0.0,0,,0,
u59,1370152842,0,4,0.0,0.0,0.0,0,0,0.0,0,,0,
u59,1370309395,0,4,0.0,0.0,0.0,0,0,0.0,0,,0,
u59,1370246220,0,4,0.0,0.0,0.0,0,0,0.0,0,,0,
u59,1370208706,0,4,0.0,0.0,0.0,0,0,0.0,0,,0,
u59,1370231310,0,4,0.0,0.0,0.0,0,0,0.0,0,,0,
u59,1370394583,0,4,0.0,0.0,0.0,0,0,0.0,0,,0,
u59,1370514132,0,4,0.0,0.0,0.0,0,0,0.0,0,,0,
u59,1370648787,0,4,0.0,0.0,0.0,0,0,0.0,0,,0,
